"","game_id","season","week","season_type","completed","neutral_site","conference_game","t1_team","t1_conference","t1_division","t1_points","total_points","t1_point_diff","t1_win","t1_home","t1_rol_record_l3","t1_rol_record_yr","t1_rol_points_pg_l3","t1_rol_pa_pg_l3","t1_rol_points_pg_yr","t1_rol_pa_pg_yr","t1_ rol_turnover_pg_off","t1_ rol_touchdown_pg_off","t1_ rol_sack_pg_off","t1_ rol_punt_pg_off","t1_ rol_fg_made_pg_off","t1_ rol_penalty_flag_pg_off","t1_ rol_turnover_pg_def","t1_ rol_touchdown_pg_def","t1_ rol_sack_pg_def","t1_ rol_punt_pg_def","t1_ rol_fg_made_pg_def","t1_ rol_penalty_flag_pg_def","t1_ rol_EPA_pp_off","t1_ rol_wpa_pp_off","t1_ rol_success_pp_off","t1_ rol_EPA_pp_def","t1_ rol_wpa_pp_def","t1_ rol_success_pp_def","t1_ rol_rz_EPA_pp_off","t1_ rol_rz_wpa_pp_off","t1_ rol_rz_success_pp_off","t1_ rol_rz_EPA_pp_def","t1_ rol_rz_wpa_pp_def","t1_ rol_rz_success_pp_def","t1_ rol_run_EPA_pp_off","t1_ rol_run_wpa_pp_off","t1_ rol_run_success_pp_off","t1_ rol_run_EPA_pp_def","t1_ rol_run_wpa_pp_def","t1_ rol_run_success_pp_def","t1_ rol_pass_EPA_pp_off","t1_ rol_pass_wpa_pp_off","t1_ rol_pass_success_pp_off","t1_ rol_pass_EPA_pp_def","t1_ rol_pass_wpa_pp_def","t1_ rol_pass_success_pp_def"
"1",NA,2024,20,NA,NA,NA,NA,"Air Force","Mountain West",NA,NA,NA,NA,NA,1,1,0.5,27,13,22.125,24.25,1.33333333333333,3.66666666666667,0.333333333333333,1.66666666666667,0.333333333333333,2.66666666666667,2.66666666666667,1.66666666666667,3.33333333333333,3.33333333333333,0.666666666666667,2.66666666666667,0.207907735746923,0.00979770234741784,0.517857142857143,0.0129041932440927,0.00225672173913043,0.367149758454106,0.321796152230441,0.0130813542857143,0.621621621621622,0.373160429307394,-0.00545875862068966,0.433333333333333,0.0997779554742984,0.00536825988700565,0.543478260869565,0.0126781510040081,0.000711624324324324,0.378378378378378,2.17151301485424,0.0712959818181818,0.727272727272727,-0.0232555309655107,-0.000397968367346939,0.377551020408163
"2",NA,2024,20,NA,NA,NA,NA,"Akron","Mid-American",NA,NA,NA,NA,NA,1,0.666666666666667,0.428571428571429,25,20,24.8571428571429,26.1428571428571,1.66666666666667,2.33333333333333,2,5.66666666666667,1.33333333333333,7,2.33333333333333,3,1.66666666666667,6.66666666666667,0.666666666666667,8,-0.0579814399163303,-0.00225912421875,0.363984674329502,-0.0861060823816243,0.000370735593220339,0.354838709677419,-0.122680664190091,0.0021922,0.333333333333333,-0.754139060264286,-0.0249125956521739,0.32258064516129,0.0665339203525109,0.00342509157894737,0.45360824742268,-0.134167574894924,-0.001921196875,0.368932038834951,-0.198336339651454,-0.0065808,0.285714285714286,0.374795590999873,0.0188669904761905,0.459770114942529
"3",NA,2024,20,NA,NA,NA,NA,"Alabama","SEC",NA,NA,NA,NA,NA,1,0.666666666666667,0.625,27.6666666666667,15,29.75,18.375,2.33333333333333,3.66666666666667,0.666666666666667,3,0.666666666666667,5.66666666666667,2.66666666666667,1.66666666666667,1,4.33333333333333,1,4.33333333333333,0.0339480367092725,0.0014356881147541,0.428,-0.128766658937047,-0.00145426103286385,0.36986301369863,0.474092452194234,0.00589308333333333,0.6,-0.184881358727629,-0.00903439117647059,0.333333333333333,-0.0647309724975808,-0.00117646967213115,0.435483870967742,-0.130966757023371,-0.00267096956521739,0.408602150537634,0.106059831358907,0.00278550348837209,0.5,-0.0847382836102287,-0.00199559066666667,0.423076923076923
"4",NA,2024,20,NA,NA,NA,NA,"App State","Sun Belt",NA,NA,NA,NA,NA,1,0.333333333333333,0.428571428571429,26,29,28.5714285714286,31.2857142857143,3.66666666666667,3,1.66666666666667,2.66666666666667,1,5,2.66666666666667,4,2.33333333333333,3.66666666666667,1,6,0.00807087728552571,0.00104458524590164,0.424,-0.00250697974330416,0.0040547487394958,0.413934426229508,-0.259905754663673,-0.0104157666666667,0.38,0.154698859134931,0.014315025,0.46875,0.063172792504357,0.00122801851851852,0.477477477477477,0.095438085515891,0.00629936363636364,0.469026548672566,-0.0410312540711409,-0.000575638043478261,0.404255319148936,0.0120914707474034,0.00424021851851852,0.439024390243902
"5",NA,2024,20,NA,NA,NA,NA,"Arizona","Big 12",NA,NA,NA,NA,NA,1,0.333333333333333,0.125,20.6666666666667,33.6666666666667,18.5,36.375,2,2,2.66666666666667,5,1.33333333333333,3.66666666666667,3.33333333333333,5,1.66666666666667,2.33333333333333,0.333333333333333,4,-0.0369660772643806,0.000644680165289256,0.351020408163265,0.0501519014097376,0.00237931627906977,0.4,0.27246105923983,-0.00205403636363636,0.454545454545455,0.421233692635285,0.0108259538461538,0.576923076923077,-0.125764815571313,-0.00250894266666667,0.421052631578947,0.101793547895723,0.00239992857142857,0.445544554455446,-0.028378173980021,-3.18466666666666e-05,0.366666666666667,0.157707728220788,0.00157870823529412,0.447058823529412
"6",NA,2024,20,NA,NA,NA,NA,"Arizona State","Big 12",NA,NA,NA,NA,NA,1,1,0.888888888888889,40.6666666666667,16.3333333333333,33.2222222222222,21,2,5.66666666666667,1,1.33333333333333,0.333333333333333,4.33333333333333,3.66666666666667,2,1,3,1,6.66666666666667,0.251535824321123,0.00731408215962441,0.479452054794521,0.0141783249691157,-0.000183301659751037,0.423868312757202,0.311494138486024,0.0110235181818182,0.590909090909091,-0.0789291050258939,0.00241564324324324,0.447368421052632,0.194085957357172,0.00692775593220339,0.525,-0.0943912843450545,-0.000199356962025316,0.455696202531646,0.500482358734897,0.0115461691176471,0.550724637681159,-0.0178290430925544,0.000316956880733945,0.436363636363636
"7",NA,2024,20,NA,NA,NA,NA,"Arkansas","SEC",NA,NA,NA,NA,NA,1,0.333333333333333,0.428571428571429,22,20.6666666666667,26.2857142857143,28.2857142857143,2.66666666666667,3,2.66666666666667,5,0.333333333333333,4.66666666666667,1,2.33333333333333,1.66666666666667,6,1.33333333333333,5.66666666666667,-0.0867965291667793,-0.00083768755186722,0.45748987854251,-0.0676218717074675,-0.000776850375939849,0.358208955223881,0.81434073101345,0.0251257761904762,0.80952380952381,0.140931264344949,0.0026719914893617,0.382978723404255,0.111591089805349,0.00108638541666667,0.591836734693878,-0.0779830409372716,-0.000147301769911504,0.394736842105263,-0.168478528949847,-0.0019423625,0.415094339622642,-0.024862936534345,-0.000759847058823529,0.352941176470588
"8",NA,2024,20,NA,NA,NA,NA,"Arkansas State","Sun Belt",NA,NA,NA,NA,NA,1,0.666666666666667,0.625,29,27,26.375,31.5,1.33333333333333,3.66666666666667,4,4.33333333333333,1,5.66666666666667,2.33333333333333,3.66666666666667,2,4,0.666666666666667,7.33333333333333,0.101527517639828,0.000254550617283951,0.396825396825397,0.0731013962411487,-0.00176995611814346,0.413934426229508,0.616289991983378,0.0106926653846154,0.5,0.0286125069228011,-0.001054875,0.538461538461538,0.15402868201019,0.00873513727272727,0.482142857142857,0.20903020565983,0.000788334653465346,0.5,0.0126323981176542,-0.00922757816091954,0.32967032967033,-0.045229282229217,-0.00293116627906977,0.340909090909091
"9",NA,2024,20,NA,NA,NA,NA,"Army","American Athletic",NA,NA,NA,NA,NA,1,0.666666666666667,0.777777777777778,25.6666666666667,23,29.2222222222222,18.7777777777778,3,3.33333333333333,1,1.66666666666667,1,3.33333333333333,4,4,0.666666666666667,0.666666666666667,0.333333333333333,3,0.0594472587906555,0.00295097510917031,0.404255319148936,0.0853477284774155,0.000815196111111111,0.502732240437158,0.334437185435257,0.00193885135135135,0.513513513513513,-0.108591985794882,-0.00386508974358974,0.333333333333333,0.0511627525524751,0.00134056666666667,0.426900584795322,0.130411878225555,-0.00192036419753086,0.5,0.298659226636943,0.0132676967741935,0.387096774193548,0.282868335441627,0.00444940555555556,0.541666666666667
"10",NA,2024,20,NA,NA,NA,NA,"Auburn","SEC",NA,NA,NA,NA,NA,1,0.666666666666667,0.428571428571429,35,27.6666666666667,23.7142857142857,23.1428571428571,2.33333333333333,4,1,3.66666666666667,1.66666666666667,6,3,3.66666666666667,2.33333333333333,4.66666666666667,0.333333333333333,4,0.0516868157026687,-0.00118621943319838,0.431297709923664,-0.00837541803172825,0.00111390809716599,0.367816091954023,0.0375149082704444,-0.00965510625,0.37037037037037,0.669191686684049,0.0112831166666667,0.551724137931034,-0.00188469736345651,0.00447211827956989,0.505050505050505,-0.0696315293322587,-4.63898437499999e-05,0.390977443609023,0.219830781872265,0.00114623055555556,0.424778761061947,0.186817004460175,0.00269044743589744,0.451219512195122
"11",NA,2024,20,NA,NA,NA,NA,"BYU","Big 12",NA,NA,NA,NA,NA,1,0.333333333333333,0.714285714285714,22,21,29.1428571428571,23.1428571428571,2.66666666666667,2.66666666666667,1.33333333333333,2.33333333333333,1.33333333333333,6.33333333333333,2.66666666666667,2.66666666666667,1,3,0.666666666666667,5,0.0507262575035288,-0.000748372602739726,0.473214285714286,-0.0564333471542712,-0.00322665483870968,0.457399103139013,-0.0750140090967583,-0.000273828205128205,0.404761904761905,-0.0829423154404655,-0.00424129545454546,0.454545454545455,0.0711358735599973,0.00482798021978022,0.532608695652174,0.0510418966445956,0.00254711651376147,0.504504504504504,-0.0392506893574108,0.00168216363636364,0.433333333333333,-0.0977149645076049,0.000952701428571429,0.436619718309859
"12",NA,2024,20,NA,NA,NA,NA,"Ball State","Mid-American",NA,NA,NA,NA,NA,1,0,0.25,27.3333333333333,43.6666666666667,27.625,35.625,3.66666666666667,3.66666666666667,3,5.66666666666667,0.666666666666667,3.66666666666667,2,5.66666666666667,1,3,1.33333333333333,7.33333333333333,-0.0843684852007007,0.000597874698795181,0.368627450980392,0.108703493293091,0.00579598410041841,0.448818897637795,-0.343897238189773,-0.011581415,0.434782608695652,0.346469723602258,0.000758069047619047,0.468085106382979,-0.159592831129901,-0.00178163157894737,0.355263157894737,0.0180129898604782,0.00745666637168142,0.457627118644068,-0.0311496512653612,0.0052362016,0.364341085271318,0.282521720244485,0.0108159623529412,0.488888888888889
"13",NA,2024,20,NA,NA,NA,NA,"Baylor","Big 12",NA,NA,NA,NA,NA,1,1,0.857142857142857,38,20.6666666666667,38.4285714285714,28.8571428571429,1.66666666666667,5.33333333333333,2,3,1,3.66666666666667,4.33333333333333,2.33333333333333,1.66666666666667,3,0.666666666666667,4,0.161104852178262,0.00365335607843137,0.49236641221374,-0.0183367625497668,0.000268723175965665,0.404255319148936,0.855382659038445,0.01538661,0.6,-0.209289684620544,-0.00578985,0.333333333333333,0.0879705943484209,0.000749294262295082,0.507936507936508,0.256097438586981,0.00477545544554455,0.455445544554455,0.307049071142737,0.00881886979166667,0.541666666666667,-0.263812555678543,-0.00472834777777778,0.395604395604396
"14",NA,2024,20,NA,NA,NA,NA,"Boise State","Mountain West",NA,NA,NA,NA,NA,1,1,1,24,12.6666666666667,35.2222222222222,18.3333333333333,1.66666666666667,3,1,4.66666666666667,1,3.66666666666667,3.33333333333333,1.33333333333333,3.33333333333333,4.66666666666667,1,4.66666666666667,0.0326847507248967,0.00132292765957447,0.4125,-0.0383041180488447,-0.00514783080357143,0.291304347826087,0.159536043732971,-0.00530901111111111,0.428571428571429,-0.502510285007571,-0.0128560388888889,0.263157894736842,0.200151989393211,0.00301457090909091,0.473214285714286,0.151660535211082,-0.00665174625,0.345679012345679,-0.1445428021487,7.61418604651162e-05,0.409090909090909,-0.220658973298344,-0.0019643387755102,0.267326732673267
"15",NA,2024,20,NA,NA,NA,NA,"Boston College","ACC",NA,NA,NA,NA,NA,1,0.666666666666667,0.428571428571429,34.3333333333333,27.3333333333333,28.8571428571429,30,3.33333333333333,4,2.33333333333333,3,0.666666666666667,4.33333333333333,2.66666666666667,4,3.66666666666667,4.66666666666667,1.33333333333333,6.66666666666667,0.0097063328744456,-0.000359455769230769,0.412639405204461,-0.0231294493338684,-0.00197314937238494,0.385892116182573,0.11748325346835,-0.00826577142857143,0.422222222222222,0.589347208559617,0.00519338,0.5,-0.0437571513128594,-0.00444642777777778,0.48062015503876,-0.0877943944567628,-0.00640433846153846,0.384615384615385,0.0924029779522741,0.000898630927835052,0.36734693877551,-0.0551026016451948,0.00414779829059829,0.38655462184874
"16",NA,2024,20,NA,NA,NA,NA,"Bowling Green","Mid-American",NA,NA,NA,NA,NA,1,0.666666666666667,0.75,27,18,25.75,17,1.66666666666667,3,2,4.66666666666667,1.66666666666667,4.33333333333333,4,2.66666666666667,2.66666666666667,4.66666666666667,0,4,0.0205371008367888,0.00248678515283843,0.392405063291139,-0.0825225163095743,-0.000673109251101322,0.346320346320346,0.440477443625572,0.00839308571428571,0.619047619047619,-0.178076327047098,0.0032403,0.291666666666667,0.032222794350702,0.00419674712643678,0.4,0.000530496216641371,-0.000651763157894737,0.346153846153846,0.0120958191385695,0.00217467156862745,0.431372549019608,-0.189978509225994,-0.000777799065420561,0.351851851851852
"17",NA,2024,20,NA,NA,NA,NA,"Buffalo","Mid-American",NA,NA,NA,NA,NA,1,1,0.714285714285714,43.6666666666667,25,37,30.7142857142857,1.66666666666667,5.66666666666667,1.33333333333333,4,0.666666666666667,5.66666666666667,3.33333333333333,3.66666666666667,3.66666666666667,6.66666666666667,0.666666666666667,3,0.0672553158579343,0.00442462829457364,0.401486988847584,-0.0978596849644097,0.00302084092827004,0.385245901639344,0.0248175628879073,-0.00619353333333333,0.377777777777778,-0.739782219143192,0.00602089444444444,0.45,-0.021288866433487,0.000526006349206349,0.4,-0.129413111555262,0.00199104545454546,0.449438202247191,0.109058834595629,0.00995025670103093,0.46,0.00914813909021291,0.00810315588235294,0.423076923076923
"18",NA,2024,20,NA,NA,NA,NA,"California","ACC",NA,NA,NA,NA,NA,1,0.333333333333333,0.375,18.3333333333333,30.6666666666667,27.625,26.875,3,2,5,4,1.33333333333333,7.66666666666667,1.33333333333333,3.66666666666667,1.66666666666667,3.66666666666667,1.66666666666667,7.66666666666667,-0.00920005126271271,-0.00143730632911392,0.345679012345679,0.0382536282393308,0.000927995402298851,0.375,-0.0623401818900905,0.00340805,0.285714285714286,0.15973511512576,0.005901875,0.541666666666667,0.0420392815731836,-0.00179888985507246,0.347222222222222,-0.0552129682299639,-2.01920792079207e-05,0.368932038834951,-0.0223645450573195,0.00348601727272727,0.378378378378378,0.300920878068218,0.00510156818181818,0.472727272727273
"19",NA,2024,20,NA,NA,NA,NA,"Central Michigan","Mid-American",NA,NA,NA,NA,NA,1,0.333333333333333,0.142857142857143,14,25,17.2857142857143,29.8571428571429,3,1.66666666666667,3,4.66666666666667,1.66666666666667,4,2,2.33333333333333,2,4.66666666666667,1.33333333333333,3.66666666666667,-0.194726489060518,-0.003865521875,0.349344978165939,-0.0869964907288588,-0.00159972718894009,0.331838565022422,-0.00611817490859673,0.00371900909090909,0.352941176470588,-0.0370029206559725,0.00518085,0.481481481481481,-0.127871204446959,-0.00112434711538462,0.367924528301887,-0.0708447774123299,-0.00114935789473684,0.306122448979592,-0.415038868688483,-0.0128995540540541,0.306666666666667,-0.220805880319546,-0.00597453855421687,0.321428571428571
"20",NA,2024,20,NA,NA,NA,NA,"Charlotte","American Athletic",NA,NA,NA,NA,NA,1,0.666666666666667,0.428571428571429,30.6666666666667,37.6666666666667,27.8571428571429,36.4285714285714,1.33333333333333,3.66666666666667,2,5,2.66666666666667,5.66666666666667,2.66666666666667,4.66666666666667,0.333333333333333,3.66666666666667,1,7.33333333333333,0.0846513381190874,-0.00449099795081967,0.368,0.0960924007151217,-0.00471533230769231,0.437037037037037,0.202520548400756,-0.0364763481481481,0.482758620689655,-0.268148919739333,-0.0388029375,0.424242424242424,-0.0958126377427294,-0.00688806785714286,0.372093023255814,0.12516066324789,-0.00437482301587302,0.503875968992248,0.00237461398434343,-0.00174275656565657,0.336633663366337,0.195519666163218,0.00737255731707317,0.451219512195122
"21",NA,2024,20,NA,NA,NA,NA,"Cincinnati","Big 12",NA,NA,NA,NA,NA,1,0,0.285714285714286,15,31.6666666666667,19.2857142857143,26.7142857142857,2.66666666666667,2,1.66666666666667,4.33333333333333,0.666666666666667,7,1,3.66666666666667,0.333333333333333,4.33333333333333,2,4.66666666666667,-0.058862005085415,-0.00416378744939271,0.33852140077821,0.0403509441715192,0.0031881611814346,0.389344262295082,0.0683519777959907,-0.0103788294117647,0.428571428571429,0.195346225260998,0.00482964102564103,0.390243902439024,0.190581871992304,-0.00319478163265306,0.46078431372549,0.039643698559494,0.00346010485436893,0.428571428571429,-0.253856661736074,-0.002281096875,0.316326530612245,0.0867352733987151,0.0030711311827957,0.382978723404255
"22",NA,2024,20,NA,NA,NA,NA,"Clemson","ACC",NA,NA,NA,NA,NA,1,0.666666666666667,0.777777777777778,33,20.6666666666667,32.6666666666667,20.7777777777778,2,4,1.66666666666667,4.66666666666667,1,3,3,3,2.33333333333333,5,0.666666666666667,5.66666666666667,0.0732688169777139,0.00326601302521008,0.436213991769547,-0.011841994393783,0.000361088076923077,0.34469696969697,0.208921745369625,-0.00214627,0.483870967741935,0.138512100589915,0.00113810666666666,0.354838709677419,0.22701228389439,0.00321906352941176,0.488372093023256,0.172110608850865,0.00725577355371901,0.439024390243902,0.0147725008376203,0.00281325309734513,0.460869565217391,-0.149600038150509,-0.00732863863636364,0.359550561797753
"23",NA,2024,20,NA,NA,NA,NA,"Coastal Carolina","Sun Belt",NA,NA,NA,NA,NA,1,0.333333333333333,0.375,24.3333333333333,28,26.375,32,4.33333333333333,2.66666666666667,1.33333333333333,3.66666666666667,1.66666666666667,5.66666666666667,3,3,3.33333333333333,2.66666666666667,2.33333333333333,6,-0.146865507671766,-0.00210809598393574,0.352941176470588,-0.053245282781329,-2.72337349397591e-05,0.364705882352941,-0.41151998257016,-0.00671297692307692,0.357142857142857,-0.139290988356554,-0.00156407906976744,0.325581395348837,0.0333699888781343,-0.00212476037735849,0.435185185185185,-0.115218537569457,-0.00423262159090909,0.347826086956522,-0.286463236800608,-0.000461432258064516,0.365591397849462,0.013772924599108,0.00482836756756757,0.369369369369369
"24",NA,2024,20,NA,NA,NA,NA,"Colorado","Big 12",NA,NA,NA,NA,NA,1,0.666666666666667,0.714285714285714,40.6666666666667,20.3333333333333,37,21.2857142857143,2,5,3.33333333333333,4,0.333333333333333,7.66666666666667,3.33333333333333,2.33333333333333,2.33333333333333,5.33333333333333,2,6,-0.0108116634651866,0.00446586055045872,0.409090909090909,-0.138407539829843,0.00189600946969697,0.384615384615385,0.195752916221345,0.00858134285714286,0.535714285714286,-0.0346264993436719,0.000726627272727273,0.428571428571429,-0.176940428603122,0.00387912115384615,0.403846153846154,-0.0607415522708062,0.00705967924528302,0.409090909090909,0.117749841689014,0.00409717438016529,0.475409836065574,-0.274578911353527,-0.00121836732673267,0.330097087378641
"25",NA,2024,20,NA,NA,NA,NA,"Colorado State","Mountain West",NA,NA,NA,NA,NA,1,0.666666666666667,0.75,29.3333333333333,25,28.25,22.25,2.33333333333333,4,0.333333333333333,5,1,7,2.66666666666667,3,1,6,0.666666666666667,8.33333333333333,0.0474883742509436,-0.000552639015151515,0.352941176470588,-0.0452631852667183,-0.000597178260869565,0.361867704280156,0.115212939132949,0.00869117647058824,0.405405405405405,0.0195885637855433,-0.0164948617647059,0.388888888888889,-0.0111963523839473,0.004569361,0.343137254901961,0.0404274789966196,0.00474282376237624,0.41747572815534,0.185060932381685,0.00240506909090909,0.405405405405405,-0.189412685597933,-0.0112035977777778,0.373626373626374
"26",NA,2024,20,NA,NA,NA,NA,"Duke","ACC",NA,NA,NA,NA,NA,1,1,0.571428571428571,27.6666666666667,21.3333333333333,25.4285714285714,26.4285714285714,1.66666666666667,3.33333333333333,0.666666666666667,6.33333333333333,1.33333333333333,3,2.66666666666667,2,5,5.66666666666667,2.33333333333333,8.33333333333333,-0.0195738907987991,0.00193505399061033,0.359090909090909,-0.107114757880939,-0.00363641964285714,0.345070422535211,0.173297564293512,-0.00241556842105263,0.65,-0.174326816207617,-0.0071803,0.342857142857143,-0.323168398938443,-0.00745703571428571,0.323943661971831,-0.0596614220962531,-0.00475934862385321,0.409090909090909,0.0709548849724166,0.00228153505154639,0.404040404040404,-0.142150167012501,-0.00377168256880734,0.288288288288288
"27",NA,2024,20,NA,NA,NA,NA,"East Carolina","American Athletic",NA,NA,NA,NA,NA,1,0.666666666666667,0.571428571428571,32.6666666666667,31,36.4285714285714,34.4285714285714,2.66666666666667,4,1.33333333333333,4,1.66666666666667,6.33333333333333,5,4,1,4,0.333333333333333,11.3333333333333,0.0458765976435453,-0.000749077454545455,0.414893617021277,-0.0387292423829993,-0.00238093873239437,0.386759581881533,-0.389530883448305,-0.0130890666666667,0.30952380952381,-0.258380228915001,-0.007447655,0.452380952380952,0.146668629615033,0.00123881532258065,0.476190476190476,-0.161762635987588,-0.00904391379310345,0.347457627118644,-0.050216101384111,-0.000519109278350515,0.424242424242424,0.0542076699439743,0.00186972178217822,0.455445544554455
"28",NA,2024,20,NA,NA,NA,NA,"Eastern Michigan","Mid-American",NA,NA,NA,NA,NA,1,0,0.142857142857143,16,32.6666666666667,21.2857142857143,32,3.66666666666667,2.33333333333333,2.66666666666667,5,0.666666666666667,4.33333333333333,1.33333333333333,4,1.33333333333333,5.33333333333333,0.333333333333333,3.33333333333333,-0.0848193522914104,0.0186325390350877,0.381742738589212,0.0284082506283485,-0.0334115761061947,0.394308943089431,0.0684117237747324,-0.0112529944444444,0.454545454545455,0.177095116829679,-0.00671407692307692,0.4,0.0864479925739269,0.00796340795454546,0.5,-0.0185277963182799,-0.0506307842592593,0.417391304347826,-0.224883970307192,0.0175542546391753,0.34,0.151867511827397,-0.00862180759493671,0.469135802469136
"29",NA,2024,20,NA,NA,NA,NA,"Florida","SEC",NA,NA,NA,NA,NA,1,1,0.625,27.3333333333333,14.6666666666667,26,22.875,0.666666666666667,3.33333333333333,2,5.66666666666667,1.33333333333333,4.33333333333333,4,1,6.33333333333333,4,1.66666666666667,4.33333333333333,0.0412181713064989,0.0057094019138756,0.316279069767442,-0.0303813014965044,-0.00116574631578947,0.382456140350877,0.529366692074457,0.0192587411764706,0.529411764705882,-1.24971081062053,-0.0374604052631579,0.0526315789473684,0.0519622312688787,0.00446350769230769,0.382978723404255,-0.041215924264421,-0.00247584455445545,0.504950495049505,-0.00985269288612453,-0.00196978611111111,0.361111111111111,-0.0716417147877591,-0.00228746423357664,0.343065693430657
"30",NA,2024,20,NA,NA,NA,NA,"Florida Atlantic","American Athletic",NA,NA,NA,NA,NA,1,0.333333333333333,0.142857142857143,35,24.3333333333333,28.7142857142857,35,3,4.66666666666667,0.666666666666667,3.66666666666667,0.666666666666667,3.33333333333333,3,2.33333333333333,1.66666666666667,4.66666666666667,2.66666666666667,3.66666666666667,0.057102608154779,0.00185958423236515,0.37603305785124,-0.0240655752551091,0.00249371776061776,0.318518518518519,-0.0301644561671387,-0.0062951375,0.416666666666667,-0.0440886943039442,-0.00851020526315789,0.428571428571429,0.0288601896429447,0.0019079735042735,0.401709401709402,-0.21629590826734,-0.00672596153846154,0.317073170731707,0.300386573570581,0.00209016071428571,0.416666666666667,0.0179677569512483,0.00286576299212599,0.364341085271318
"31",NA,2024,20,NA,NA,NA,NA,"Florida International","Conference USA",NA,NA,NA,NA,NA,1,0.333333333333333,0.285714285714286,30.6666666666667,28.3333333333333,25.4285714285714,24.1428571428571,2,4,1,4.66666666666667,1,5,1.66666666666667,3.33333333333333,1.33333333333333,5.33333333333333,1.66666666666667,4.66666666666667,0.0503577072204703,-0.00323656541666667,0.430327868852459,0.0990130317171817,-0.00107757859922179,0.400763358778626,0.182349093787351,-0.0012134525,0.51219512195122,0.194903754507645,-0.0237274405405405,0.487179487179487,-0.068397853179888,-0.00325485142857143,0.407407407407407,0.162998813139289,-0.00443462952380952,0.420560747663551,0.367090022712058,0.00088749534883721,0.511627906976744,-0.0359213831397501,-0.000725241836734694,0.408163265306122
"32",NA,2024,20,NA,NA,NA,NA,"Florida State","ACC",NA,NA,NA,NA,NA,1,0.333333333333333,0.142857142857143,18.3333333333333,30,15.5714285714286,30.4285714285714,2,2,6,5,1.33333333333333,4.66666666666667,2,3.66666666666667,1.66666666666667,4.33333333333333,0.666666666666667,3.33333333333333,-0.0814927018099735,-0.00340518801652893,0.394308943089431,0.012253653196346,0.000342926267281106,0.342222222222222,-0.310640904357942,-0.00387996388888889,0.361111111111111,0.210406917751888,0.004396912,0.448275862068966,0.0754089624813672,-0.000252672164948454,0.474747474747475,-0.059586624751047,-0.00185519111111111,0.340425531914894,-0.280474892826617,-0.0104539294736842,0.326315789473684,0.11769404324498,-0.00161796363636364,0.415730337078652
"33",NA,2024,20,NA,NA,NA,NA,"Fresno State","Mountain West",NA,NA,NA,NA,NA,1,0.333333333333333,0.428571428571429,23,26,23.2857142857143,22.1428571428571,1.33333333333333,3,1.66666666666667,5,0.666666666666667,6.33333333333333,1.33333333333333,3,1.33333333333333,3.66666666666667,1.66666666666667,5.33333333333333,0.0276161184121175,-0.00129326934673367,0.380487804878049,0.0450285361573437,0.00232909665427509,0.394366197183099,0.635686002251781,0.004639052,0.481481481481481,0.144045409978082,0.000895045454545455,0.421875,-0.0994708520221274,0.00210612708333333,0.32,0.0691484077389141,0.00542377727272727,0.438848920863309,0.063173972493995,-0.00543271078431373,0.41747572815534,0.0505923869799107,-0.000112395876288659,0.373737373737374
"34",NA,2024,20,NA,NA,NA,NA,"Georgia","SEC",NA,NA,NA,NA,NA,1,1,0.888888888888889,41.6666666666667,27.3333333333333,33.5555555555556,22.8888888888889,1.66666666666667,5,2,2.33333333333333,1.33333333333333,4.33333333333333,3.33333333333333,3.33333333333333,3,2.33333333333333,2,5,0.161508718267435,0.00288260826086957,0.48046875,0.00577645315370399,-0.00243018861788618,0.401486988847584,0.483329466673777,0.00528325106382979,0.524590163934426,-0.0961004684094512,-0.00972623260869565,0.40625,0.0980104314337787,0.000284075862068966,0.542553191489362,0.102510362036384,0.00216272323232323,0.457142857142857,0.150979570860381,0.00196020952380952,0.504424778761062,0.137557850246496,-0.00585259803921569,0.403669724770642
"35",NA,2024,20,NA,NA,NA,NA,"Georgia Southern","Sun Belt",NA,NA,NA,NA,NA,1,0.666666666666667,0.714285714285714,25,18,25.7142857142857,24,1.66666666666667,2.66666666666667,2.33333333333333,3,2,7.66666666666667,3.66666666666667,2.33333333333333,0.666666666666667,3,0.666666666666667,5.66666666666667,0.00671248235227466,0.00434249388646288,0.412765957446808,-0.034752199705272,0.00173484448979592,0.389558232931727,0.0289111538122163,0.00579213555555556,0.422222222222222,-0.291832458320925,-0.0105530636363636,0.347826086956522,0.0526773266271145,0.00840579775280899,0.440860215053763,0.00612905047474019,-0.003973,0.415841584158416,-0.0891710891288739,-0.000221181318681318,0.428571428571429,0.0264523766915396,0.00650997777777778,0.45
"36",NA,2024,20,NA,NA,NA,NA,"Georgia State","Sun Belt",NA,NA,NA,NA,NA,1,0.333333333333333,0.125,33,39.6666666666667,24.125,35,3.33333333333333,4.66666666666667,2.33333333333333,4,1.66666666666667,6.66666666666667,3,4.33333333333333,2.33333333333333,3.66666666666667,1.33333333333333,4.33333333333333,0.00747235228159606,0.001802348828125,0.386100386100386,0.0412443348329242,0.00350791254752852,0.431226765799257,0.135747967871236,0.00474619047619048,0.375,0.4111224049086,0.0154040666666667,0.577777777777778,-0.00594247180303724,-0.00062295,0.375,0.119481848443389,0.00558879538461538,0.518796992481203,0.132523640755674,0.00575873362831858,0.407079646017699,0.000294255050761058,0.00175898522727273,0.431818181818182
"37",NA,2024,20,NA,NA,NA,NA,"Georgia Tech","ACC",NA,NA,NA,NA,NA,1,0.666666666666667,0.571428571428571,33.3333333333333,32,26.2857142857143,28,2,3.66666666666667,0.666666666666667,3.66666666666667,1.66666666666667,4.66666666666667,4,4.66666666666667,2,3.33333333333333,0.333333333333333,2,0.069883281826075,0.00374798804780876,0.414179104477612,0.0815361712337885,0.00403927045454545,0.427966101694915,0.101504979612797,0.0125223590909091,0.448275862068966,0.595215689272005,0.00765422916666667,0.53125,0.0489633762145473,0.0108456056910569,0.434108527131783,0.207753551916497,0.00916435070422535,0.493150684931507,0.189983877867881,-0.00488954606741573,0.461538461538462,-0.0470914613796463,-0.0013420017699115,0.449152542372881
"38",NA,2024,20,NA,NA,NA,NA,"Hawai'i","Mountain West",NA,NA,NA,NA,NA,1,0.333333333333333,0.375,25,38,21.375,30.5,3,3,4,5,1.33333333333333,6.66666666666667,2,4.66666666666667,2,4.66666666666667,1.66666666666667,7.33333333333333,-0.0199600724706004,0.000361573897058824,0.364620938628159,0.0847706195870996,0.00211773785714286,0.473684210526316,-0.285456151571701,-0.000757431034482759,0.354838709677419,-0.0786909669725428,-0.00747324651162791,0.456521739130435,-0.185599172904,-0.000273449315068493,0.36,0.237038819369811,0.00639316666666667,0.544776119402985,0.083214618792433,0.00201321,0.453900709219858,-0.070019494306043,-0.00360353838383838,0.424242424242424
"39",NA,2024,20,NA,NA,NA,NA,"Houston","Big 12",NA,NA,NA,NA,NA,1,0,0.428571428571429,10.3333333333333,25.6666666666667,16.5714285714286,24.4285714285714,5.33333333333333,0.666666666666667,1.33333333333333,4,1,4,2.33333333333333,3.33333333333333,2.66666666666667,4,1.66666666666667,4.66666666666667,-0.271232851452488,-0.00783830280373832,0.358139534883721,-0.056362339131193,0.000295456837606838,0.433333333333333,-0.583974571068959,-0.0188745071428571,0.357142857142857,-0.0154449840312002,0.00522834411764706,0.472222222222222,-0.160548976950157,-0.00348087,0.377777777777778,-0.093919996556332,0.00201791071428571,0.495652173913044,-0.489702581679803,-0.00995298780487805,0.341463414634146,-0.150240438063839,-0.0015802,0.4
"40",NA,2024,20,NA,NA,NA,NA,"Illinois","Big Ten",NA,NA,NA,NA,NA,1,1,0.714285714285714,38,25,30.1428571428571,27.7142857142857,0.666666666666667,5.33333333333333,0.666666666666667,4.33333333333333,1,7,3,2.66666666666667,2.33333333333333,5,1.33333333333333,4.33333333333333,0.160858799418278,0.00645321390134529,0.402597402597403,-0.0111309415877678,0.00224046089965398,0.391752577319588,0.365451148183939,0.00872264857142857,0.542857142857143,0.0774718719637689,0.00564433333333333,0.355555555555556,0.192884266512431,0.00873821855670103,0.494949494949495,0.0940145854784003,0.00544854787234043,0.521276595744681,0.214389481467594,-0.000167681578947368,0.376623376623377,-0.0768895957611206,-0.00058909014084507,0.384615384615385
"41",NA,2024,20,NA,NA,NA,NA,"Indiana","Big Ten",NA,NA,NA,NA,NA,1,0.666666666666667,0.857142857142857,33.6666666666667,17.6666666666667,39.4285714285714,15.8571428571429,2,4.66666666666667,3.66666666666667,3.66666666666667,1,3.33333333333333,3,1.66666666666667,1,5.33333333333333,1.33333333333333,5,-0.0168889841063512,-0.000733419069767442,0.411255411255411,-0.15920731104406,-0.00973143933649289,0.325581395348837,0.302565417776963,-0.0013116,0.540540540540541,-0.0078120636335147,-0.00923861724137931,0.32258064516129,0.0280880581542654,-0.00111354081632653,0.470588235294118,-0.368998567200533,-0.0120429373493976,0.297619047619048,-0.0480892400183432,-0.00488129512195122,0.431818181818182,-0.112599596429427,-0.00378777625,0.3625
"42",NA,2024,20,NA,NA,NA,NA,"Iowa","Big Ten",NA,NA,NA,NA,NA,1,0.666666666666667,0.625,19.6666666666667,14.3333333333333,26,18.75,1,1.66666666666667,1.66666666666667,5,2.66666666666667,3.66666666666667,2.66666666666667,1.66666666666667,2.33333333333333,5,1,5,-0.0937716244221259,-0.00128884060913706,0.344827586206897,-0.103189868411124,-0.00324956692913386,0.39453125,-0.118754414692432,-0.00147479393939394,0.411764705882353,-0.25500115654058,-0.00792071463414634,0.348837209302326,-0.250352182639007,-0.00775589166666667,0.327272727272727,-0.000738067931923884,0.003408797,0.475247524752475,0.0708406709256673,0.00394621041666667,0.375,-0.109073304737468,-0.00877800857142857,0.39047619047619
"43",NA,2024,20,NA,NA,NA,NA,"Iowa State","Big 12",NA,NA,NA,NA,NA,1,0.666666666666667,0.666666666666667,26.3333333333333,31.3333333333333,31.1111111111111,27.8888888888889,3,3.66666666666667,0.333333333333333,3.66666666666667,1.66666666666667,5.33333333333333,3,3.33333333333333,0.666666666666667,3.33333333333333,1,3.66666666666667,-0.049867103837451,0.00334950553505535,0.359712230215827,-0.0167966893537662,-0.005334730964467,0.339901477832512,-0.14171261584084,-0.00120018305084746,0.365079365079365,0.0439222488211845,0.000845911111111111,0.482758620689655,-0.064798048322853,0.00287568636363636,0.401785714285714,-0.117928833156216,-0.00238572608695652,0.354838709677419,-0.126693795613531,-0.0004279625,0.345132743362832,0.281421866102219,0.0041680484375,0.393939393939394
"44",NA,2024,20,NA,NA,NA,NA,"Jacksonville State","Conference USA",NA,NA,NA,NA,NA,1,0.666666666666667,0.888888888888889,30,14,39.7777777777778,20.8888888888889,2,4,0.666666666666667,4,0.666666666666667,3.33333333333333,2.66666666666667,1,1.66666666666667,5,2.33333333333333,7.66666666666667,0.0905275682731343,0.00271892368421053,0.405982905982906,-0.0923027097676994,-0.00137212293233083,0.361623616236162,0.548133355551697,0.0155908466666667,0.46875,-0.125048682388248,-0.0146136351351351,0.378378378378378,0.175934705362926,0.00447199466666667,0.480263157894737,-0.152957512066451,-0.00553769247311828,0.414893617021277,-0.0743860266523495,-0.00370752954545455,0.377777777777778,-0.163903787167629,-0.00569646545454545,0.333333333333333
"45",NA,2024,20,NA,NA,NA,NA,"James Madison","Sun Belt",NA,NA,NA,NA,NA,1,0.333333333333333,0.5,29.3333333333333,33.6666666666667,28.75,22.375,2.66666666666667,3.66666666666667,3,5.33333333333333,2,7.33333333333333,0.666666666666667,3,3.33333333333333,6,1.33333333333333,4,-0.0505836031451442,0.00163013544776119,0.389090909090909,0.00870949894420674,0.00614752981651376,0.345132743362832,-0.051362907559941,0.0106279258064516,0.419354838709677,0.253084063911044,0.0209257236842105,0.45,0.0960250111277401,0.00342299333333333,0.451612903225806,0.0449465250521948,0.0119327204301075,0.387755102040816,-0.112443756861563,-0.000565755056179775,0.366666666666667,-0.147746932415724,-0.00682511052631579,0.328947368421053
"46",NA,2024,20,NA,NA,NA,NA,"Kansas","Big 12",NA,NA,NA,NA,NA,1,0.666666666666667,0.571428571428571,23.6666666666667,26.3333333333333,30.8571428571429,27.5714285714286,1.66666666666667,2.66666666666667,0.333333333333333,2,1.66666666666667,4.66666666666667,1.66666666666667,3.33333333333333,2,2.33333333333333,1,3.33333333333333,0.0911793680301328,0.00399632222222222,0.461883408071749,0.154139060664363,0.00330793899082569,0.477477477477477,-0.134770835114633,-0.00308158333333333,0.411764705882353,0.045663665042009,0.00132591363636363,0.347826086956522,0.159136301192987,0.00736614347826087,0.453781512605042,0.101950369195368,0.00127379333333333,0.527472527472527,0.208809065262765,0.0069796126984127,0.523809523809524,0.247019354986406,0.00661778829787234,0.484210526315789
"47",NA,2024,20,NA,NA,NA,NA,"Kansas State","Big 12",NA,NA,NA,NA,NA,1,0.333333333333333,0.571428571428571,25.3333333333333,22.6666666666667,28.5714285714286,23.5714285714286,4,3.33333333333333,0,3.33333333333333,0.666666666666667,4.66666666666667,2.66666666666667,2.66666666666667,2,4,1.33333333333333,6.33333333333333,-0.040936439488052,-0.00781529144144144,0.406113537117904,-0.0522717712069405,0.00148829886792453,0.323529411764706,-0.329084757753662,-0.00234896470588235,0.324324324324324,0.221804801976256,0.00414084137931035,0.333333333333333,-0.0299422206005569,-0.00440991397849462,0.404255319148936,-0.0567401765884308,0.0021887603960396,0.378640776699029,0.0364204185030528,-0.000576033333333333,0.423913043478261,-0.127112480709894,-0.00188720086956522,0.336206896551724
"48",NA,2024,20,NA,NA,NA,NA,"Kennesaw State","Conference USA",NA,NA,NA,NA,NA,1,0.333333333333333,0.25,14.6666666666667,27.3333333333333,18.625,32.125,2.66666666666667,1.66666666666667,1,8,1,5,1.66666666666667,3.33333333333333,3,6.33333333333333,1.33333333333333,4,-0.115040453706028,-0.00508953905579399,0.315126050420168,-0.0605705525496603,-0.00281783617886179,0.412451361867704,0.363154010359942,-0.0064943275862069,0.5,0.215545241776435,-0.00333330714285714,0.53125,-0.0123976653402922,-0.0142441463157895,0.3125,0.0948269154288148,0.00342316636363636,0.456140350877193,-0.257271369134001,-0.00379482530120482,0.36144578313253,-0.187170336761907,-0.0131153404494382,0.423913043478261
"49",NA,2024,20,NA,NA,NA,NA,"Kent State","Mid-American",NA,NA,NA,NA,NA,1,0,0,10.3333333333333,38.3333333333333,13.2857142857143,38.8571428571429,1.66666666666667,1.33333333333333,3.33333333333333,7.66666666666667,0.333333333333333,6.66666666666667,1,4.66666666666667,1.33333333333333,3,2,5.33333333333333,-0.217850556980725,0.03216975,0.260663507109005,0.0607305076840137,-0.0246402950819672,0.426356589147287,0.466375784987958,-0.0161527352941176,0.333333333333333,-0.178373962052428,-0.00515933636363636,0.297297297297297,-0.267116450738629,0.00480575365853659,0.317647058823529,0.103584617886046,-0.0375911433070866,0.477272727272727,-0.14649239182278,0.0262371,0.294117647058824,0.0396284577738807,0.00790044698795181,0.392857142857143
"50",NA,2024,20,NA,NA,NA,NA,"Kentucky","SEC",NA,NA,NA,NA,NA,1,0.333333333333333,0.142857142857143,25.3333333333333,26,19.5714285714286,28.2857142857143,3,3,4,4,0.666666666666667,5.66666666666667,2.33333333333333,3,0.333333333333333,4.33333333333333,1.66666666666667,7.33333333333333,-0.0362686125955614,-0.000563175877192983,0.38135593220339,-0.076864876179937,0.00131319024390244,0.394422310756972,0.0283191820233634,0.000228260714285714,0.419354838709677,-0.0409573992840126,0.00539654418604651,0.318181818181818,-0.167316395025862,-0.0031534847826087,0.442105263157895,0.0335401441218543,0.00229057586206897,0.483050847457627,0.0907561482449908,0.00130299010989011,0.362637362637363,-0.162984701079387,-0.00161458974358974,0.384615384615385
"51",NA,2024,20,NA,NA,NA,NA,"LSU","SEC",NA,NA,NA,NA,NA,1,0.666666666666667,0.571428571428571,25.6666666666667,20.3333333333333,25.1428571428571,25.2857142857143,2,2.66666666666667,3.33333333333333,2.33333333333333,2.33333333333333,3.66666666666667,1,2,1.66666666666667,4.33333333333333,1.33333333333333,4,0.0968431784630052,0.00462765555555556,0.412878787878788,0.0110406469675673,0.00205520732984293,0.33502538071066,-0.194127846830659,-0.000463269696969697,0.277777777777778,0.192879937774226,-0.0008203,0.75,0.0814518349543706,0.00228609032258065,0.431578947368421,0.179749808563385,0.00113970571428571,0.493150684931507,0.106860556371334,0.00471321627906977,0.418604651162791,-0.226861450611657,-0.000533327272727273,0.311688311688312
"52",NA,2024,20,NA,NA,NA,NA,"Liberty","Conference USA",NA,NA,NA,NA,NA,1,0.666666666666667,0.571428571428571,30.3333333333333,25,29.1428571428571,24.8571428571429,2.66666666666667,4,1.66666666666667,3,0.666666666666667,6.66666666666667,3,3,0.333333333333333,3.33333333333333,1.33333333333333,3.33333333333333,0.0966698054137071,-0.00174349709543568,0.49802371541502,0.0126742964346522,0.000630897083333333,0.376984126984127,0.366541807442661,0.00184721,0.5,0.0567124244706249,-0.00125458666666667,0.416666666666667,0.312159289560748,0.00694361450381679,0.623188405797101,-0.00445400506632678,-0.000535916363636364,0.370689655172414,-0.331418103087237,-0.0168669772727273,0.338235294117647,0.0107939824837724,0.00339780434782609,0.436170212765957
"53",NA,2024,20,NA,NA,NA,NA,"Louisiana","Sun Belt",NA,NA,NA,NA,NA,1,0.666666666666667,0.777777777777778,30.3333333333333,28,31.3333333333333,22.7777777777778,2,3.66666666666667,1.66666666666667,3.66666666666667,1.66666666666667,6.33333333333333,2.66666666666667,3.33333333333333,1.66666666666667,4,1.33333333333333,5.33333333333333,0.0374074726536957,0.000235860964912281,0.360169491525424,-0.0196622292469752,-0.000158858203125,0.417624521072797,0.244897757764785,0.0044900875,0.444444444444444,0.307361088803318,-0.00118355789473684,0.585365853658537,-0.123445186783643,-0.00626231263157895,0.336734693877551,0.206354429025998,0.00557257943925234,0.509259259259259,0.137625307645529,0.00639004941176471,0.390804597701149,-0.127200089397474,-0.00268804285714286,0.405660377358491
"54",NA,2024,20,NA,NA,NA,NA,"Louisiana Tech","Conference USA",NA,NA,NA,NA,NA,1,0.666666666666667,0.5,19.6666666666667,14,23.875,19.875,1.66666666666667,2,2.33333333333333,5.66666666666667,1.66666666666667,5.66666666666667,2.33333333333333,2,2,7.33333333333333,0,4.66666666666667,-0.074034315086555,-0.002798155859375,0.381132075471698,-0.135580971486441,-0.00388805,0.303964757709251,0.0529936442383555,-0.00941860294117647,0.444444444444444,0.139946190831598,0.00403565882352941,0.529411764705882,-0.0581456623372582,-0.00122243243243243,0.396551724137931,0.0835211882007696,-0.00466009518072289,0.352941176470588,-0.107276064111296,-0.007739871875,0.402061855670103,-0.20355773096906,-0.00345516105263158,0.368421052631579
"55",NA,2024,20,NA,NA,NA,NA,"Louisville","ACC",NA,NA,NA,NA,NA,1,0.666666666666667,0.625,37.6666666666667,20.3333333333333,34.125,26.875,1.66666666666667,4.33333333333333,0.333333333333333,3.66666666666667,1.66666666666667,3.66666666666667,3.66666666666667,2.33333333333333,3.33333333333333,5,1,6.33333333333333,0.110500981145394,-0.00199932857142857,0.45679012345679,-0.0551366583454126,-0.00456440083682008,0.342741935483871,0.0997102204182879,0.00689264166666667,0.414634146341463,0.0758189162210527,-0.024987919047619,0.416666666666667,0.0377397319800733,0.000313187719298246,0.487179487179487,-0.333192787932507,-0.00631399069767442,0.344827586206897,0.174906156551104,-0.00386801954022989,0.448275862068966,-0.0298790290313793,-0.00493503232323232,0.336633663366337
"56",NA,2024,20,NA,NA,NA,NA,"Marshall","Sun Belt",NA,NA,NA,NA,NA,1,1,0.888888888888889,36,23.6666666666667,34.8888888888889,21.8888888888889,0.333333333333333,3.66666666666667,1.66666666666667,5.33333333333333,1.33333333333333,5.33333333333333,2,3,1.66666666666667,5,1,5,0.0974506217324844,0.00891465278969957,0.395833333333333,-0.00169598854472021,0.00291006315789474,0.367588932806324,0.13458917844233,0.00219298125,0.411764705882353,0.122897763104264,0.0116561074074074,0.481481481481481,0.231032869038948,0.0131135154545455,0.447368421052632,0.102162777076985,0.00506704695652174,0.435897435897436,-0.0645201607536485,-0.00065461038961039,0.350649350649351,-0.0744604886494456,0.000724329761904762,0.364705882352941
"57",NA,2024,20,NA,NA,NA,NA,"Maryland","Big Ten",NA,NA,NA,NA,NA,1,0,0.142857142857143,12.3333333333333,34.6666666666667,16.7142857142857,36.5714285714286,4,1.66666666666667,3.33333333333333,5,0.333333333333333,4.66666666666667,1.33333333333333,4,0.333333333333333,3.66666666666667,2.33333333333333,5,-0.160948450033937,-0.00144716182572614,0.361788617886179,0.0943647171478212,0.0042933880952381,0.426923076923077,0.0780487991142246,0.00578923157894737,0.454545454545455,0.352994305921411,0.0121754387755102,0.471698113207547,-0.0236122235111155,0.00163540281690141,0.444444444444444,-0.0681424990752069,-0.000425691428571429,0.429577464788732,-0.293694471414486,-0.00509854672131147,0.354838709677419,0.307437813513626,0.00905070845070422,0.486486486486487
"58",NA,2024,20,NA,NA,NA,NA,"Massachusetts","FBS Independents",NA,NA,NA,NA,NA,1,0,0.142857142857143,32.3333333333333,47,25,38.8571428571429,1.66666666666667,4.66666666666667,1,4.66666666666667,0.666666666666667,4.66666666666667,1.66666666666667,6,1.33333333333333,2,1,6.33333333333333,0.0927897555858784,0.00218912489795918,0.401574803149606,0.274824660852023,0.00516200686695279,0.524193548387097,0.329708953737224,0.00663603902439024,0.478260869565217,0.678301319075709,0.0154068205128205,0.533333333333333,0.213048711896859,0.00437892231404959,0.467741935483871,0.314033848598613,0.00593023035714286,0.619834710743802,0.172912516493917,0.00972346891891892,0.381578947368421,0.105192278708396,-0.00149594487179487,0.45
"59",NA,2024,20,NA,NA,NA,NA,"Memphis","American Athletic",NA,NA,NA,NA,NA,1,1,0.857142857142857,38,20.6666666666667,36.5714285714286,25.8571428571429,1,4.66666666666667,1.66666666666667,3.33333333333333,1.66666666666667,4.66666666666667,2.66666666666667,2.33333333333333,1.66666666666667,4.33333333333333,1.33333333333333,4.66666666666667,0.176225280118413,0.00575370114503817,0.430711610486891,-0.0136133072370227,0.000395872844827586,0.337606837606838,0.499384144212761,0.0107522130434783,0.652173913043478,0.0888041281346666,-0.00458729444444444,0.416666666666667,0.184361109660235,0.00605425916666667,0.495934959349593,-0.211040398432599,-0.00875048035714286,0.339285714285714,0.179825866126046,0.0032843696969697,0.444444444444444,0.0481172126573181,0.00225866666666667,0.385826771653543
"60",NA,2024,20,NA,NA,NA,NA,"Miami","ACC",NA,NA,NA,NA,NA,1,0.333333333333333,0.714285714285714,34.3333333333333,28,40.4285714285714,30.2857142857143,1.66666666666667,4.33333333333333,1.66666666666667,2.66666666666667,1.33333333333333,5,1.66666666666667,4,2.33333333333333,4,0,4,0.162159171781955,-8.58569037656905e-05,0.470833333333333,0.0618496601845023,0.00147557212389381,0.388888888888889,0.439698012775061,-0.0112154175,0.463414634146341,0.0154215876432127,0.0153649914285714,0.421052631578947,0.186767025397363,0.00177867926829268,0.51219512195122,-0.100339653865144,0.00252023928571429,0.4,0.304504876137683,0.00295390756302521,0.516666666666667,0.288539988200685,0.00795686103896104,0.493670886075949
"61",NA,2024,20,NA,NA,NA,NA,"Miami (OH)","Mid-American",NA,NA,NA,NA,NA,1,0.666666666666667,0.777777777777778,17,19.6666666666667,27.3333333333333,17.5555555555556,2,2,1.66666666666667,4,1,3,2,2.33333333333333,3,4.66666666666667,1,2.66666666666667,-0.0760727790027742,0.00326527405405405,0.401041666666667,0.00208019340346541,-0.0003903848,0.433070866141732,-0.841980906391948,-0.005587635,0.304347826086957,0.504180899936375,0.00640915882352941,0.588235294117647,-0.0870943103167389,0.0022224671641791,0.380281690140845,0.152896278527043,0.004341414,0.564356435643564,-0.0617595353669829,0.0050353024691358,0.432098765432099,-0.146191489023692,-0.00299102743362832,0.398230088495575
"62",NA,2024,20,NA,NA,NA,NA,"Michigan","Big Ten",NA,NA,NA,NA,NA,1,0.666666666666667,0.428571428571429,26,12,20.4285714285714,19.8571428571429,2.33333333333333,2.66666666666667,0.333333333333333,3,2.33333333333333,3.33333333333333,3,1,3,3.66666666666667,1.66666666666667,3,-0.0273615872571007,-0.00527926547085202,0.415584415584416,-0.224770721805435,-0.0042096455,0.322115384615385,-0.0439098428377768,-0.00741569038461538,0.425925925925926,-0.445568879384186,-0.0183032071428571,0.275862068965517,-0.0499499106546514,-0.0055683212962963,0.409090909090909,-0.251535382295429,-0.00708855,0.25,-0.12885089501668,-0.00582809761904762,0.392857142857143,-0.26081582461957,-0.00682676847826087,0.389473684210526
"63",NA,2024,20,NA,NA,NA,NA,"Michigan State","Big Ten",NA,NA,NA,NA,NA,1,0.333333333333333,0.285714285714286,18,32,17.5714285714286,31.1428571428571,2.33333333333333,2.33333333333333,3,6,0.666666666666667,4,1,3.66666666666667,1.33333333333333,2.66666666666667,2,5.33333333333333,-0.0693787606629168,0.000758657391304348,0.334763948497854,0.141698449241713,0.00234992168141593,0.418410041841004,0.314751316306876,0.00325375,0.421052631578947,0.0948273549427681,-0.00318301818181818,0.529411764705882,0.0256412945154889,0.00070173625,0.481481481481481,-0.0695802109426681,-0.00184805465116279,0.419354838709677,-0.0775818053088858,0.00162049029126214,0.314285714285714,0.282184203029968,0.00438515714285714,0.448598130841121
"64",NA,2024,20,NA,NA,NA,NA,"Middle Tennessee","Conference USA",NA,NA,NA,NA,NA,1,0,0.285714285714286,20.6666666666667,36,19.5714285714286,30.8571428571429,2.66666666666667,3,2,3.66666666666667,0.666666666666667,5.66666666666667,1,4.33333333333333,1,2.33333333333333,1.33333333333333,5.33333333333333,0.0518105975004663,-0.000161672314049587,0.405737704918033,0.205657088497195,0.00577056849315068,0.515555555555556,0.269048252304014,0.00741078076923077,0.423076923076923,0.0925882499927191,0.00634757948717949,0.476190476190476,0.0567096024111292,0.000379954666666667,0.453333333333333,-0.0535545171260893,-0.00073402735042735,0.487603305785124,0.0852349502874879,-0.000998715652173913,0.431034482758621,0.729104734548939,0.0158458476190476,0.619047619047619
"65",NA,2024,20,NA,NA,NA,NA,"Minnesota","Big Ten",NA,NA,NA,NA,NA,1,0.333333333333333,0.714285714285714,22.6666666666667,19.6666666666667,26.5714285714286,19,1.66666666666667,2.33333333333333,2,5,2,3.33333333333333,2,2.33333333333333,2,5.66666666666667,1,4,-0.0828869467022938,-0.000496397777777778,0.405172413793103,-0.032811401732116,0.000650817316017316,0.330543933054393,0.45612051275269,0.00490889411764706,0.45,-0.184143277301317,-0.000876088888888889,0.393939393939394,-0.166381033917552,-0.00498779642857143,0.413793103448276,-0.181017393614384,-0.00546601511627907,0.280898876404494,-0.0271408275127429,-0.00322140404040404,0.404040404040404,0.0140739220334536,-0.0014715175257732,0.428571428571429
"66",NA,2024,20,NA,NA,NA,NA,"Mississippi State","SEC",NA,NA,NA,NA,NA,1,0,0.142857142857143,16,32.6666666666667,24.7142857142857,35.8571428571429,2.33333333333333,2.33333333333333,2.66666666666667,5.33333333333333,0.666666666666667,6.33333333333333,1.33333333333333,3.33333333333333,1,4,2.33333333333333,5.66666666666667,-0.0518761442865773,-0.00350132555066079,0.299559471365639,0.0578743821771104,0.00449341296296296,0.433691756272401,-0.126317657870657,0.00115672580645161,0.290322580645161,-0.119081779845118,-0.010260743902439,0.391304347826087,0.14857733946154,0.0010167675,0.375,-0.115064607062136,0.000906555128205128,0.40625,-0.171945962398078,-0.00328757956989247,0.32258064516129,0.417277668692639,0.00761798208955224,0.544117647058823
"67",NA,2024,20,NA,NA,NA,NA,"Missouri","SEC",NA,NA,NA,NA,NA,1,0.666666666666667,0.625,32.3333333333333,25,25.375,24.125,1.33333333333333,3.33333333333333,1.33333333333333,2.66666666666667,2,4.66666666666667,3,3.66666666666667,1,2.33333333333333,0.666666666666667,6,0.113111438114689,0.0039897689516129,0.46031746031746,-0.0269609498692269,0.000587055803571429,0.458515283842795,0.0292507698609257,0.00238844444444444,0.5,0.0409666881060159,0.0146097741935484,0.451612903225806,0.119956254621339,0.0046097007518797,0.514925373134328,-0.187693063610428,-0.00703839651162791,0.459770114942529,0.296962290575449,0.01511985,0.418918918918919,0.247467259430477,0.0252556494623656,0.505263157894737
"68",NA,2024,20,NA,NA,NA,NA,"NC State","ACC",NA,NA,NA,NA,NA,1,0.333333333333333,0.428571428571429,27.6666666666667,29.6666666666667,30.4285714285714,28.2857142857143,3,3.33333333333333,2.33333333333333,4.33333333333333,2.33333333333333,6.33333333333333,1.66666666666667,3,1.33333333333333,5.66666666666667,2,6,-0.00164106684553872,0.00535541203319502,0.422131147540984,0.033777564761266,0.00407447160493827,0.309236947791165,0.0673883361634782,0.00825138780487805,0.48780487804878,-0.0277140213613434,0.0165311,0.5,0.129009789346455,0.00778789684210526,0.510416666666667,-0.081569192550412,0.00365577380952381,0.294117647058824,-0.227153470034471,-0.000337112087912088,0.32967032967033,-0.0462303249858127,-0.000892964423076924,0.352380952380952
"69",NA,2024,20,NA,NA,NA,NA,"Navy","American Athletic",NA,NA,NA,NA,NA,1,0.666666666666667,0.625,21.6666666666667,22.6666666666667,25.25,21.75,2.66666666666667,3,1.66666666666667,5.66666666666667,0,4.33333333333333,3,2.66666666666667,2.33333333333333,5,0.666666666666667,3.33333333333333,-0.0715558757572175,-0.000975262222222222,0.3,-0.0308259776666866,-0.00238922669491525,0.383333333333333,0.0416488120787131,-0.0127516,0.434782608695652,-0.119920693318086,-0.00715892244897959,0.36734693877551,0.0359442699076616,0.00067775,0.375886524822695,0.0178449571686185,-0.000714874489795918,0.404040404040404,-0.435517316413571,-0.00723609347826087,0.260869565217391,-0.139630159081381,-0.00657111818181818,0.4
"70",NA,2024,20,NA,NA,NA,NA,"Nebraska","Big Ten",NA,NA,NA,NA,NA,1,0.333333333333333,0.285714285714286,24.6666666666667,22,18.8571428571429,25.2857142857143,1.66666666666667,2.33333333333333,2,5,2,4.33333333333333,3,2.66666666666667,0.666666666666667,5,1,4,0.0201212427143219,-0.00229558078431373,0.449612403100775,-0.0578184540871145,-3.39121951219488e-06,0.369668246445498,0.090326533305767,0.00477717,0.476190476190476,-0.493470027889087,0.00300757777777778,0.407407407407407,0.155738234430851,0.00538350103092783,0.540816326530612,-0.133478458299138,-0.00277684230769231,0.379746835443038,-0.0192682909901242,-0.00984074504504505,0.428571428571429,0.209779254173057,0.00947251125,0.4375
"71",NA,2024,20,NA,NA,NA,NA,"Nevada","Mountain West",NA,NA,NA,NA,NA,1,0,0.125,18,29.3333333333333,22.75,32,2.33333333333333,2.33333333333333,3.33333333333333,4.66666666666667,0.666666666666667,3.66666666666667,1.33333333333333,3.66666666666667,0.333333333333333,3.33333333333333,0.333333333333333,5.33333333333333,0.0158472536349887,0.000189576339285714,0.375,0.154177037910048,0.00681558376068376,0.489626556016597,-0.140869150470969,-0.01034995,0.3125,0.42506056181506,0.0158594846153846,0.65,-0.187306342477146,-0.00447041549295775,0.366197183098592,0.170423491592568,0.00584789735099338,0.554838709677419,0.0848018675816426,-0.00183894454545455,0.436363636363636,0.126835174367997,0.00521014772727273,0.409090909090909
"72",NA,2024,20,NA,NA,NA,NA,"New Mexico","Mountain West",NA,NA,NA,NA,NA,1,0.666666666666667,0.571428571428571,29.6666666666667,29.6666666666667,34.5714285714286,33.8571428571429,1,4,0,4.33333333333333,0.666666666666667,6.33333333333333,0.666666666666667,3.66666666666667,0.666666666666667,4,1.33333333333333,7.66666666666667,0.206613937819944,0.00973998527131783,0.501901140684411,0.197361683446903,0.00606007172413793,0.452380952380952,0.56477158644847,0.0262379233333333,0.705882352941177,0.0187619957258494,0.00099241875,0.46,0.418106595119501,0.017486368503937,0.646153846153846,-0.0412320917915604,0.000842685858585858,0.46,0.0460612087034284,0.0026647175,0.4375,0.419734862965098,0.0114001558823529,0.518248175182482
"73",NA,2024,20,NA,NA,NA,NA,"New Mexico State","Conference USA",NA,NA,NA,NA,NA,1,0.333333333333333,0.285714285714286,24.6666666666667,33.6666666666667,23,37.1428571428571,3.33333333333333,3,3.33333333333333,3.66666666666667,2,5,2.66666666666667,4,1,3.33333333333333,0.333333333333333,4.66666666666667,-0.0641464051481623,-0.000841351481481481,0.35036496350365,0.0534136026940674,0.00272133595041322,0.396761133603239,0.0344143345150687,-0.00185978947368421,0.394736842105263,0.787790242440876,0.0139186913043478,0.608695652173913,0.0185222555975749,0.000310240350877193,0.391304347826087,0.120660487036685,0.00364234252873563,0.465909090909091,-0.0927181531609639,5.06613861386139e-05,0.339805825242718,0.0740168032217887,0.00122708869565217,0.422413793103448
"74",NA,2024,20,NA,NA,NA,NA,"North Carolina","ACC",NA,NA,NA,NA,NA,1,0.333333333333333,0.428571428571429,27.3333333333333,33.3333333333333,30.8571428571429,28.5714285714286,2.66666666666667,3.66666666666667,4,5.66666666666667,0.666666666666667,7,2.66666666666667,3.66666666666667,2.33333333333333,3.33333333333333,2,9,-0.0549020207810164,-0.000494023076923077,0.339920948616601,0.0386300008896477,0.000226210583941606,0.422939068100358,0.293756819591382,-0.00515414482758621,0.413793103448276,0.379080583560063,0.0117832192307692,0.519230769230769,0.223876333418535,0.00735504090909091,0.477777777777778,-0.0277856792368379,0.0002984736,0.464566929133858,-0.348202125999005,-0.00226662164948454,0.303030303030303,0.0854321714227829,0.0033989914893617,0.393617021276596
"75",NA,2024,20,NA,NA,NA,NA,"North Texas","American Athletic",NA,NA,NA,NA,NA,1,0.333333333333333,0.285714285714286,26.3333333333333,35,29.1428571428571,36.1428571428571,5.33333333333333,3.66666666666667,0.666666666666667,4.66666666666667,0.333333333333333,5.33333333333333,3.33333333333333,4,2,5,2.33333333333333,6,-0.0264503298924198,-0.00159810952380952,0.372262773722628,0.023511806035292,0.000129497945205479,0.408026755852843,-0.290465646575905,0.00541270909090909,0.454545454545455,-0.257263472329614,-0.00215012916666667,0.428571428571429,0.0687987159150435,-0.00152871263157895,0.364583333333333,0.166707469369449,-0.0040530232,0.480314960629921,-0.186434546442803,-0.00583219920634921,0.404761904761905,-0.179376357013025,0.00101191293103448,0.406779661016949
"76",NA,2024,20,NA,NA,NA,NA,"Northern Illinois","Mid-American",NA,NA,NA,NA,NA,1,0.666666666666667,0.625,20.6666666666667,17.3333333333333,23,18.125,3.66666666666667,3,2.33333333333333,4.66666666666667,1,5.66666666666667,2.33333333333333,1.66666666666667,3,5,1.33333333333333,5.33333333333333,-0.119215112493801,-0.00431591869918699,0.343873517786561,-0.160957566399173,-0.00808409777777778,0.334782608695652,0.230231972465394,-0.025613355,0.55,-0.14739344361028,-0.00711422068965517,0.354838709677419,0.0110776469707087,0.00200797433628319,0.362068965517241,-0.0895784787719965,-0.00444277887323944,0.361111111111111,-0.210706948160168,-0.00163573448275862,0.329545454545455,-0.238583410850721,-0.0116125203703704,0.284403669724771
"77",NA,2024,20,NA,NA,NA,NA,"Northwestern","Big Ten",NA,NA,NA,NA,NA,1,0,0.25,13.6666666666667,39.6666666666667,18.125,31.625,4,1,3.66666666666667,3.33333333333333,1.33333333333333,3.66666666666667,1.66666666666667,5.33333333333333,1,2.66666666666667,1.33333333333333,2.33333333333333,-0.169895784605649,-0.00176568040816327,0.352,0.120287184720041,0.00392266105769231,0.476415094339623,-0.579546326082215,-0.0117841853658537,0.24390243902439,0.339339772466225,0.00891408571428571,0.523809523809524,-0.135736418895172,-0.000990976470588235,0.385714285714286,0.246422004450548,0.00627240612244898,0.53,-0.252069531390805,-0.0024408106870229,0.348484848484849,0.0370030016041073,0.00130387125,0.45
"78",NA,2024,20,NA,NA,NA,NA,"Notre Dame","FBS Independents",NA,NA,NA,NA,NA,1,1,1,44.3333333333333,21,45.1428571428571,14.2857142857143,3.33333333333333,5.66666666666667,1,2.33333333333333,0,4.66666666666667,4.66666666666667,3.66666666666667,1.33333333333333,5,0,5.66666666666667,0.110441051084511,0.00357625893719807,0.43778801843318,-0.106591113631883,-0.00429089003831418,0.374045801526718,0.0711998625863422,0.00777858431372549,0.39622641509434,0.652311380465619,-0.00325203333333333,0.645161290322581,0.274455251657828,0.00344026736842105,0.484848484848485,0.0717647180122762,-0.00499607142857143,0.460176991150442,0.146230070920268,0.00691695263157895,0.506493506493506,-0.351024579636698,-0.00758005510204082,0.306122448979592
"79",NA,2024,20,NA,NA,NA,NA,"Ohio","Mid-American",NA,NA,NA,NA,NA,1,1,0.875,34.6666666666667,10.3333333333333,34.25,14,1,4.66666666666667,0.666666666666667,3.33333333333333,0.666666666666667,5.33333333333333,3.33333333333333,1.33333333333333,2.66666666666667,5,0.333333333333333,3,0.122083680853698,0.00037334932735426,0.468619246861925,-0.208739971153183,-0.00481285169082126,0.347417840375587,0.266388399082645,-0.00162421785714286,0.5,-0.555077582362965,-0.0350339733333333,0.352941176470588,0.102287858096644,0.004332053125,0.503649635036496,-0.370968422311018,-0.0160412796875,0.303030303030303,0.337680596484257,0.00151835593220339,0.53968253968254,-0.123687360258163,-0.002383457,0.375
"80",NA,2024,20,NA,NA,NA,NA,"Ohio State","Big Ten",NA,NA,NA,NA,NA,1,0.666666666666667,0.75,26.3333333333333,11.6666666666667,28.875,13,2.66666666666667,3,0.666666666666667,2.33333333333333,1,3,3.33333333333333,1.66666666666667,3,3.66666666666667,0.666666666666667,4,0.0186002464699179,-0.000399002020202021,0.4,-0.189771975398846,-0.00161796527777778,0.32,-0.144392822693757,-0.0067752425,0.4,-0.523590806687584,-0.00486850263157895,0.421052631578947,-0.0502177916340337,-0.00315232470588235,0.36046511627907,-0.109934279224575,-0.002499675,0.368932038834951,0.194707805491296,0.00437587325581395,0.476744186046512,-0.335581370470096,-0.0028532746835443,0.278481012658228
"81",NA,2024,20,NA,NA,NA,NA,"Oklahoma","SEC",NA,NA,NA,NA,NA,1,0.333333333333333,0.285714285714286,21.3333333333333,23.3333333333333,21.2857142857143,25.5714285714286,2.33333333333333,1.66666666666667,2.33333333333333,3.66666666666667,1.66666666666667,2,1.66666666666667,3,2,4.33333333333333,1.66666666666667,4.66666666666667,-0.157526326239164,-0.00625915607476636,0.366071428571429,-0.0925965863936741,-0.00100015296610169,0.347280334728033,0.263125536330942,0.0157105315789474,0.478260869565217,0.000501599933895686,0.00465384571428571,0.315789473684211,-0.0484939607546984,-0.00195722702702703,0.443478260869565,-0.155080623139471,-0.00399164948453608,0.377551020408163,-0.397189034308662,-0.00457524923076923,0.313432835820896,-0.0841725395753692,0.00203832580645161,0.372340425531915
"82",NA,2024,20,NA,NA,NA,NA,"Oklahoma State","Big 12",NA,NA,NA,NA,NA,1,0,0,20.3333333333333,48.6666666666667,22.7142857142857,43.1428571428571,3.33333333333333,3.66666666666667,1.66666666666667,5.66666666666667,0,7,1.33333333333333,6.33333333333333,3.33333333333333,4.33333333333333,0.666666666666667,8,-0.0219159439984721,-5.24803088803091e-05,0.412878787878788,0.111445021334303,0.00582414981549815,0.454873646209386,0.639892542162095,0.0258900791666667,0.538461538461538,0.164873994031205,0.00857680434782609,0.543478260869565,0.0740765558794925,-0.000921345555555556,0.494505494505495,0.146395614225604,0.00806376506024097,0.465116279069767,-0.0027935227317382,0.00303143545454545,0.369369369369369,0.179919514992283,0.00569890283687943,0.528169014084507
"83",NA,2024,20,NA,NA,NA,NA,"Old Dominion","Sun Belt",NA,NA,NA,NA,NA,1,0.333333333333333,0.5,35.6666666666667,36.3333333333333,32,28.625,0.666666666666667,5,2.66666666666667,6,0.333333333333333,5.66666666666667,1.33333333333333,4.33333333333333,3.33333333333333,5.33333333333333,1.66666666666667,6.66666666666667,0.143072996919973,0.00650106341463415,0.41501976284585,0.102933848888043,0.00744947574626866,0.402930402930403,0.472501144681822,0.0307075733333333,0.548387096774194,0.218101000499644,0.0119223037037037,0.464285714285714,0.330964588599626,0.0109873928,0.507936507936508,0.0946441106112372,0.00864754913793103,0.440677966101695,0.0446841111525331,-0.00313131739130435,0.394366197183099,0.169822258820627,0.00372299368421053,0.385416666666667
"84",NA,2024,20,NA,NA,NA,NA,"Ole Miss","SEC",NA,NA,NA,NA,NA,1,0.666666666666667,0.714285714285714,23.6666666666667,16,30.4285714285714,17.8571428571429,2.33333333333333,2.33333333333333,2.33333333333333,4,2.66666666666667,3,2.66666666666667,2,3.66666666666667,5.66666666666667,0.666666666666667,5.66666666666667,0.0341437399827754,0.00274765533596838,0.401544401544402,-0.067262462673294,0.0010445875,0.308641975308642,-0.267838393571023,-0.0177310147058824,0.294117647058824,0.0659159331057375,0.00618135454545455,0.409090909090909,-0.0832884856943854,-7.33460176991149e-05,0.4,-0.0401599543317197,4.9546875e-05,0.381443298969072,0.149615235141293,0.00484654356435644,0.475247524752475,-0.161597068936639,-0.00282232934782609,0.344086021505376
"85",NA,2024,20,NA,NA,NA,NA,"Oregon","Big Ten",NA,NA,NA,NA,NA,1,1,1,36.6666666666667,23.6666666666667,35.8888888888889,17.3333333333333,1,4.66666666666667,1,3,1.33333333333333,6,2,2.66666666666667,4.33333333333333,4.33333333333333,1.66666666666667,6.33333333333333,0.142728932658353,-0.000610076639344262,0.496031746031746,0.0932084181052665,-0.00753504979591837,0.386178861788618,0.156984142766759,-0.0154203913043478,0.630434782608696,0.182740350742946,-0.0192832605263158,0.421052631578947,0.134533193692824,0.00260404054054054,0.577586206896552,0.198027313444757,0.000323875824175824,0.549450549450549,0.209395920908263,-0.00230554130434783,0.467391304347826,-0.0667982698870156,-0.02090937,0.29
"86",NA,2024,20,NA,NA,NA,NA,"Oregon State","Pac-12",NA,NA,NA,NA,NA,1,0.333333333333333,0.25,19.6666666666667,33.3333333333333,22.5,34.25,3.33333333333333,2.66666666666667,2.33333333333333,2.66666666666667,1,4.66666666666667,2.66666666666667,4,0.666666666666667,1.66666666666667,1,3.66666666666667,0.0185899540579561,0.00331815495495496,0.348214285714286,0.148332481399599,0.00278723913043478,0.483193277310924,0.166456838936666,0.00663872068965517,0.566666666666667,0.162478402118582,0.00662704090909091,0.5,-0.0441993881209499,-0.00120027125,0.4125,0.109293357490473,0.0023556328358209,0.510791366906475,-0.0368330021842211,0.002121345,0.336633663366337,0.305650891054842,0.0061042359375,0.538461538461538
"87",NA,2024,20,NA,NA,NA,NA,"Penn State","Big Ten",NA,NA,NA,NA,NA,1,0.666666666666667,0.777777777777778,35.6666666666667,25.6666666666667,32.4444444444444,18.5555555555556,2.66666666666667,4.66666666666667,1,3.33333333333333,1.33333333333333,2.66666666666667,2.33333333333333,3,2.66666666666667,4.66666666666667,1.33333333333333,3.66666666666667,0.132258722252722,0.000962604489795918,0.44140625,-0.0614861924356022,-0.000288351982378855,0.389830508474576,0.570097603499919,0.00966450571428571,0.545454545454545,0.305748136139625,-0.00903496666666667,0.545454545454545,0.177045800948157,0.00124759375,0.517543859649123,-0.0786227807342566,-0.00205520303030303,0.450980392156863,0.131883680942147,0.00315822291666667,0.47,-0.103747164158142,0.00130915113636364,0.382022471910112
"88",NA,2024,20,NA,NA,NA,NA,"Pittsburgh","ACC",NA,NA,NA,NA,NA,1,0,0.375,17.3333333333333,31.6666666666667,23.5,27.375,3.66666666666667,2.33333333333333,5,6,1,7.33333333333333,1.66666666666667,3.66666666666667,3,5.33333333333333,1.33333333333333,5,-0.0936281880412697,-0.000156259139784946,0.316725978647687,0.00443880646870298,0.00608078653061224,0.376,0.205368322329405,-0.00187591785714286,0.344827586206897,-0.224405971663929,0.0030292,0.344827586206897,-0.253784190953639,-0.00567396666666667,0.304347826086957,-0.134634191913153,0.00332323578947368,0.438775510204082,-0.143302552283584,-0.00203614081632653,0.344594594594595,0.0914633242133792,0.00514899245283019,0.386792452830189
"89",NA,2024,20,NA,NA,NA,NA,"Purdue","Big Ten",NA,NA,NA,NA,NA,1,0,0,9,46.3333333333333,12.75,43.375,3,1,2.66666666666667,6.33333333333333,0.666666666666667,6,0.666666666666667,6.33333333333333,1.33333333333333,4,0.666666666666667,2.66666666666667,-0.155122497965414,-0.00357716637554585,0.29004329004329,0.187510095858126,0.00524297256637168,0.472340425531915,-0.438912004882561,-0.0155741173913043,0.304347826086957,0.614086069010311,0.00770180333333333,0.558823529411765,-0.530245853205698,-0.00578476935483871,0.285714285714286,0.149659071319436,0.00426711651376147,0.535714285714286,-0.00524990070058384,-0.00135827663551402,0.355140186915888,0.323528562689429,0.00651921538461538,0.494736842105263
"90",NA,2024,20,NA,NA,NA,NA,"Rice","American Athletic",NA,NA,NA,NA,NA,1,0.333333333333333,0.428571428571429,23,31.6666666666667,20.2857142857143,24.7142857142857,4.33333333333333,3,0.333333333333333,4.66666666666667,1.33333333333333,7.33333333333333,2,3.66666666666667,1.66666666666667,5,1.33333333333333,7,-0.0490502268218821,0.00330317240143369,0.346428571428571,0.0538036025320697,0.0032556020746888,0.36,-0.578993706661274,-0.010126475,0.244444444444444,0.772955952495771,0.00560963846153846,0.615384615384615,-0.231195720228721,-0.00471371904761905,0.345238095238095,0.190440644710046,0.00594905531914894,0.45360824742268,-0.0183465574497867,0.0054614102189781,0.36231884057971,-0.107816258702804,-0.00620436458333333,0.363636363636364
"91",NA,2024,20,NA,NA,NA,NA,"Rutgers","Big Ten",NA,NA,NA,NA,NA,1,0.666666666666667,0.375,34.3333333333333,23,24.375,27.625,0.333333333333333,4,0.333333333333333,2.66666666666667,2,5.66666666666667,3,3,1.33333333333333,2.33333333333333,0.666666666666667,7,0.159947355525189,0.00697943453815261,0.45,0.0937623136845956,0.00272035569620253,0.397540983606557,0.344217589943771,0.0144056533333333,0.5,-0.0973010710938932,-0.00247311304347826,0.423076923076923,-0.00540743338282581,0.00199439333333333,0.46031746031746,0.0208783946505507,0.00459707974683544,0.5,0.261207281328182,0.00854134069767442,0.5,0.116482074813074,-0.00105309166666667,0.387387387387387
"92",NA,2024,20,NA,NA,NA,NA,"SMU","ACC",NA,NA,NA,NA,NA,1,0.666666666666667,0.875,34,15.6666666666667,36.25,20.5,2.33333333333333,4.33333333333333,1.33333333333333,4.33333333333333,1.33333333333333,7,3,1.66666666666667,5.66666666666667,6.33333333333333,1.33333333333333,5.66666666666667,0.0662457490685614,0.00106432386363636,0.363636363636364,-0.184361294749597,0.000138768359375,0.277566539923954,0.713846025979396,0.009133634375,0.53125,-0.336092187488694,0.00144736071428571,0.321428571428571,-0.0579583415810932,-0.0007645,0.357894736842105,-0.156610661891639,-0.00408622093023256,0.348314606741573,0.280219722402628,0.00406309669421488,0.471074380165289,-0.325278829697811,-0.000729343243243243,0.27027027027027
"93",NA,2024,20,NA,NA,NA,NA,"Sam Houston","Conference USA",NA,NA,NA,NA,NA,1,0.666666666666667,0.714285714285714,18,18.6666666666667,18.2857142857143,16.8571428571429,2.33333333333333,2,2,5,1.33333333333333,4.33333333333333,3.33333333333333,2.33333333333333,1,5,0.666666666666667,4.66666666666667,-0.145004779880466,0.00126379375,0.340823970037453,-0.0381007495698392,-0.000550146753246753,0.377118644067797,-0.366300892252321,-0.00688699047619048,0.304347826086957,0.185007888235226,-0.000676053571428572,0.387096774193548,0.0707419138846498,0.00366157894736842,0.372881355932203,0.0788477239450555,-0.000135772881355933,0.428571428571429,-0.358933951568695,-0.00746109270833333,0.343434343434343,-0.370641015561287,-0.0132892126760563,0.347222222222222
"94",NA,2024,20,NA,NA,NA,NA,"San Diego State","Mountain West",NA,NA,NA,NA,NA,1,0,0.25,20,37.6666666666667,22.5,33.375,2.66666666666667,2.66666666666667,3,4.66666666666667,0.666666666666667,8,2,5,1,3,1,5.33333333333333,-0.00232784890252764,0.000242522352941177,0.36078431372549,0.0959880514483914,0.00697162340425532,0.483471074380165,0.0604875453302606,-0.000617764102564102,0.333333333333333,0.183718280304341,0.0119895604166667,0.541666666666667,-0.0286643974265893,-0.00357100909090909,0.393939393939394,0.0348123774221201,0.00465733986013986,0.503401360544218,0.0626486379116158,6.34669902912623e-05,0.398058252427184,0.432772044483585,0.0116573129032258,0.564516129032258
"95",NA,2024,20,NA,NA,NA,NA,"San Jos State","Mountain West",NA,NA,NA,NA,NA,1,0.333333333333333,0.5,23.6666666666667,33.3333333333333,23.5,27.75,2,3.33333333333333,0.666666666666667,3.66666666666667,0.666666666666667,6.66666666666667,3.33333333333333,4,1.33333333333333,1.66666666666667,1,7,-0.0535266091381394,0.00458178601694915,0.402489626556017,0.057926810698482,0.00299540268199234,0.417293233082707,-0.241611563755305,-0.00844402093023256,0.377777777777778,0.173384214782919,0.005820425,0.446808510638298,-0.504585576895256,-0.00602804307692308,0.363636363636364,-0.0221741367624314,-0.000236536434108527,0.412213740458015,0.121128237966003,0.0094614781512605,0.487603305785124,0.19040425526536,0.00535300752688172,0.462365591397849
"96",NA,2024,20,NA,NA,NA,NA,"South Alabama","Sun Belt",NA,NA,NA,NA,NA,1,0.666666666666667,0.571428571428571,32.3333333333333,27,30.5714285714286,22.7142857142857,1.66666666666667,4,1,5,0.666666666666667,5,3,3.33333333333333,2,3.33333333333333,2,7.33333333333333,0.0367037034867774,0.00231723,0.371559633027523,-0.0335025256272473,-0.00448785880149813,0.39426523297491,0.478331763296746,0.00817606,0.590909090909091,-0.0938886060701656,-0.0176416957446809,0.377358490566038,0.145932479028703,0.00678549743589744,0.40506329113924,0.0395429584462842,-0.00230250341880342,0.422764227642276,0.0401337678036457,0.00450189885057471,0.48314606741573,-0.0780034091918978,-0.00296464166666667,0.353535353535354
"97",NA,2024,20,NA,NA,NA,NA,"South Carolina","SEC",NA,NA,NA,NA,NA,1,1,0.75,35.6666666666667,18.6666666666667,30.25,18.25,2.66666666666667,5,2.33333333333333,2.33333333333333,0.333333333333333,6,2,2,2,5,1.66666666666667,5,0.160470421759085,0.00373723797468354,0.464730290456432,-0.0189680967431874,-0.00225649708333333,0.387096774193548,0.234898731309892,0.008213446875,0.5,-0.139804791091631,-0.00462671714285714,0.5,0.135492615821994,0.00460680956521739,0.478632478632479,0.00555129141464846,-0.00356305,0.460674157303371,0.316961698484146,0.021574908988764,0.528089887640449,0.07188912813127,0.010656811,0.413461538461538
"98",NA,2024,20,NA,NA,NA,NA,"South Florida","American Athletic",NA,NA,NA,NA,NA,1,0.666666666666667,0.571428571428571,50,29.6666666666667,34.1428571428571,26.2857142857143,3,6.33333333333333,1.33333333333333,4.66666666666667,0.333333333333333,8.66666666666667,5.66666666666667,4.33333333333333,2,4.66666666666667,1,8.66666666666667,0.155138584417526,-0.00263566263736264,0.401408450704225,0.0124427378837424,-0.00349329933333333,0.355263157894737,0.668952692398389,-0.00381928333333333,0.583333333333333,0.133931258853195,-0.00879609268292683,0.357142857142857,0.210991108918845,-0.0015536262295082,0.48,-0.101520750953109,-0.00127599909090909,0.383928571428571,0.171918717912157,0.000789690721649485,0.44,-0.0296868284637774,0.00146374,0.355371900826446
"99",NA,2024,20,NA,NA,NA,NA,"Southern Miss","Sun Belt",NA,NA,NA,NA,NA,1,0,0,12.3333333333333,48.3333333333333,14.625,39.875,4,2,3.33333333333333,6,1,5,0,6,1,4.66666666666667,0.666666666666667,3.66666666666667,-0.223592725830211,-0.00136520716981132,0.243542435424354,0.272030811276987,0.0058480371559633,0.417040358744395,-0.562387535286917,-0.00112568076923077,0.192307692307692,0.565759604875463,0.0149637043478261,0.538461538461538,-0.183363971848746,-0.00214675047619048,0.26605504587156,0.252120116123241,0.00492206804123711,0.464646464646465,-0.43059981796038,-0.00295750947368421,0.252631578947368,0.487609570527367,0.00898529186046512,0.494252873563218
"100",NA,2024,20,NA,NA,NA,NA,"Stanford","ACC",NA,NA,NA,NA,NA,1,0.333333333333333,0.125,30,31,20.75,37.375,3.33333333333333,3.33333333333333,3.33333333333333,3,1.33333333333333,7,2.66666666666667,4.33333333333333,2.33333333333333,3,1,5.66666666666667,0.0174351492341493,-0.00353749607843137,0.363984674329502,0.0812748908557531,-0.00111881673469388,0.466403162055336,0.132171528562933,-0.00244078039215686,0.425925925925926,0.147663897798241,0.00973726923076923,0.4375,-0.062996030723024,-0.004130521,0.37,0.0267977029222397,0.0013943671875,0.463768115942029,0.109745474952106,-0.00136587155963303,0.396396396396396,0.161870423347269,0.00363296222222222,0.496296296296296
"101",NA,2024,20,NA,NA,NA,NA,"Syracuse","ACC",NA,NA,NA,NA,NA,1,1,0.75,35.3333333333333,29,32,31.75,1.66666666666667,4,1.33333333333333,2.33333333333333,1.66666666666667,7.66666666666667,1,4,2,4,1,5,0.160810769330452,0.00370982934782609,0.440140845070423,0.15634877052217,-0.00148749661016949,0.383966244725738,0.200263239891152,0.00664225531914894,0.48936170212766,0.562243588676513,-0.00577715555555556,0.444444444444444,-0.138111625546868,0.00141291789473684,0.4,0.28284155363948,0.000309757812499999,0.390625,0.50997835728896,0.0112877661654135,0.552238805970149,0.182895987734147,-0.00018411370967742,0.456
"102",NA,2024,20,NA,NA,NA,NA,"TCU","Big 12",NA,NA,NA,NA,NA,1,1,0.714285714285714,35.6666666666667,18,29.7142857142857,23.1428571428571,1.33333333333333,5.33333333333333,1,2.66666666666667,1,3.66666666666667,1.66666666666667,2,1,4,0.666666666666667,5.33333333333333,0.121192766688256,0.00515638938053097,0.450643776824034,0.051964316877993,-0.00118266823529412,0.400763358778626,0.436462017589767,0.00939536590909091,0.522727272727273,0.180428436457816,-0.00367564827586207,0.387096774193548,0.278590309491987,0.00848759431818182,0.532608695652174,0.149464451396297,-0.003314575,0.483870967741935,0.158088663327752,0.00118759514563107,0.466019417475728,0.09057277071214,-0.000198201709401709,0.38655462184874
"103",NA,2024,20,NA,NA,NA,NA,"Temple","American Athletic",NA,NA,NA,NA,NA,1,0.333333333333333,0.285714285714286,20.6666666666667,30,20.2857142857143,33.8571428571429,4,2,3,7,2.33333333333333,5,2.66666666666667,3.66666666666667,0.666666666666667,6.33333333333333,1.33333333333333,5.33333333333333,-0.170928355990168,-0.00123183381818182,0.266903914590747,-0.0197920508090867,0.00116638588235294,0.317829457364341,-0.429372494114109,-0.00742680909090909,0.363636363636364,-0.106507359172499,-0.00234836451612903,0.451612903225806,-0.152097953215605,-0.0115717640449438,0.307692307692308,0.0808223731041536,0.00577558613861386,0.349514563106796,-0.354848216465862,-0.0026013744,0.261904761904762,-0.167791534373908,-0.00729780294117647,0.343137254901961
"104",NA,2024,20,NA,NA,NA,NA,"Tennessee","SEC",NA,NA,NA,NA,NA,1,0.666666666666667,0.75,36.3333333333333,18,28.875,17.375,1.33333333333333,4.66666666666667,2.33333333333333,4,1,7.33333333333333,3,2.33333333333333,2.33333333333333,4.66666666666667,0.666666666666667,9.33333333333333,0.126510653108631,0.00481087961538462,0.480916030534351,-0.0231349287657718,-0.000155773092369478,0.329411764705882,0.636034070545097,0.0146865447368421,0.657894736842105,0.480029460458724,0.0139425727272727,0.454545454545455,0.107900022069704,0.00208268034188034,0.567796610169492,-0.0324906920165685,-0.000263961538461538,0.380434782608696,0.219922677953623,0.00858443789473684,0.494736842105263,-0.0414707871039855,-0.000917506060606061,0.35
"105",NA,2024,20,NA,NA,NA,NA,"Texas","SEC",NA,NA,NA,NA,NA,1,0.666666666666667,0.75,22.3333333333333,14.3333333333333,26.5,15.875,3.66666666666667,3,2.33333333333333,2.66666666666667,2,6.66666666666667,3.33333333333333,1,3.66666666666667,4.33333333333333,1,6,-0.0639943002127662,-0.000611641509433962,0.438405797101449,-0.173726039689118,-0.00291051872146119,0.358078602620087,-0.251467712316953,-0.00923643170731707,0.319148936170213,-0.460091866368611,-0.0158691363636364,0.41025641025641,0.0452362506686742,0.00252856666666667,0.504273504273504,-0.264144659225029,-0.00607868255813953,0.366666666666667,-0.0320562407732979,-0.00216097075471698,0.432432432432432,-0.14314657410103,-0.00167412235294118,0.397727272727273
"106",NA,2024,20,NA,NA,NA,NA,"Texas A&M","SEC",NA,NA,NA,NA,NA,1,0.333333333333333,0.571428571428571,28.6666666666667,21,31.2857142857143,23.4285714285714,3,3.33333333333333,2.33333333333333,3.66666666666667,0.666666666666667,5,3,2.66666666666667,1.66666666666667,5.33333333333333,1,7,0.0216007410634471,0.000701022357723577,0.411538461538462,-0.0985952083585386,-0.00171423058823529,0.353159851301115,0.0886085272633724,-0.00666781142857143,0.475,-0.229444058603145,-0.0114061048780488,0.425531914893617,0.00458748718528458,-0.000441724761904762,0.436363636363636,0.0277817049415554,0.00634520683760684,0.414634146341463,0.160675774590756,0.00345142524271845,0.467289719626168,-0.196721431344765,-0.00478693855421687,0.344827586206897
"107",NA,2024,20,NA,NA,NA,NA,"Texas State","Sun Belt",NA,NA,NA,NA,NA,1,0.666666666666667,0.625,49,31,36.875,22.875,2.66666666666667,6.33333333333333,1.66666666666667,3.33333333333333,0.666666666666667,5,2.33333333333333,4.33333333333333,1.33333333333333,6,1,6,0.122845435620679,-6.28246212121214e-05,0.450549450549451,-0.0468163343083073,0.00126825959183673,0.295275590551181,0.430587008248837,-0.00650312162162162,0.523809523809524,-0.0157220315941156,0.00410049523809524,0.36,0.149001535516504,0.000800256034482759,0.491666666666667,0.00127322560554631,0.0023012962962963,0.292035398230089,0.246826228639346,0.00291086448598131,0.490909090909091,-0.0530602736158977,0.006269184,0.421052631578947
"108",NA,2024,20,NA,NA,NA,NA,"Texas Tech","Big 12",NA,NA,NA,NA,NA,1,0.666666666666667,0.571428571428571,45,34.6666666666667,36.4285714285714,34.5714285714286,3,5.66666666666667,3,3.33333333333333,1.66666666666667,7.33333333333333,2.66666666666667,4.66666666666667,2.66666666666667,4.66666666666667,1,8,0.105312172852953,0.00527130230263158,0.42443729903537,0.115748865626851,0.00341242072727273,0.411552346570397,0.0519940369280664,0.00478161851851852,0.392857142857143,0.541925042469055,0.0222117580645161,0.548387096774194,0.169892516078656,0.0047548858490566,0.435185185185185,0.119143055546049,0.00209132261904762,0.452380952380952,0.0665061783437525,0.00422597323943662,0.4375,0.190923752726771,0.00734138253968254,0.440944881889764
"109",NA,2024,20,NA,NA,NA,NA,"Toledo","Mid-American",NA,NA,NA,NA,NA,1,0.333333333333333,0.5,19.3333333333333,18.3333333333333,21.375,22.5,2.66666666666667,2,2,4.66666666666667,1,5,2.33333333333333,2.33333333333333,2.33333333333333,5.66666666666667,0.666666666666667,5.33333333333333,-0.0998434377210545,0.00320217366071429,0.394957983193277,-0.13769450583565,-0.00211469173913043,0.351694915254237,-0.50607631312949,0.00313555161290323,0.390243902439024,-0.197913063973449,-0.004510540625,0.382352941176471,-0.215528901796075,-0.00221811011235955,0.381443298969072,-0.0306980481851417,0.00296500990990991,0.373913043478261,0.110801148752191,0.00748009375,0.46,-0.283963506158922,-0.00679722602739726,0.364864864864865
"110",NA,2024,20,NA,NA,NA,NA,"Troy","Sun Belt",NA,NA,NA,NA,NA,1,0.666666666666667,0.428571428571429,36.6666666666667,30.3333333333333,29.2857142857143,30.2857142857143,2,4.66666666666667,1,3.33333333333333,0.333333333333333,4.33333333333333,2,4,1.66666666666667,4,1.66666666666667,7.33333333333333,0.117087364149294,0.00521339692307692,0.426415094339623,-0.00261906778073055,0.00358557945205479,0.366515837104072,0.311277371802135,0.0111918,0.530612244897959,0.269658148247173,0.00743776944444445,0.472222222222222,0.0819050459297564,-0.0007259125,0.452173913043478,-0.171187348826369,-0.00109060821917808,0.351351351351351,0.267360483669389,0.0099342858490566,0.509433962264151,-0.00599049391952929,0.00091866091954023,0.413793103448276
"111",NA,2024,20,NA,NA,NA,NA,"Tulane","American Athletic",NA,NA,NA,NA,NA,1,0.333333333333333,0.75,24.3333333333333,23,37.375,18.125,2.66666666666667,3.33333333333333,1.33333333333333,2.33333333333333,0.333333333333333,4.33333333333333,1.66666666666667,3,2,3,0.666666666666667,4,0.0960039296449013,0.00125307323232323,0.455,0.0621415288368138,0.00371852701421801,0.348623853211009,0.189461662600258,0.00159180909090909,0.477272727272727,0.062140855562498,0.00397272727272727,0.393939393939394,0.124048222083324,0.000941993333333334,0.505494505494505,0.0593317331857741,0.00213835813953488,0.383458646616541,0.2118551682252,0.001466304,0.453333333333333,-0.0338522773819368,0.001882175,0.375
"112",NA,2024,20,NA,NA,NA,NA,"Tulsa","American Athletic",NA,NA,NA,NA,NA,1,0,0.142857142857143,25.6666666666667,54.6666666666667,23,48.1428571428571,6,3.33333333333333,2,6,0.333333333333333,11,3,7.33333333333333,1.33333333333333,3.66666666666667,0.333333333333333,6.66666666666667,-0.0990022167357598,-0.00173027598684211,0.330097087378641,0.161102896855977,0.00308685338078292,0.417543859649123,-0.0690615710910298,-0.00607979487179487,0.365853658536585,0.236386052513069,0.0014055696969697,0.484848484848485,-0.204370915092056,-0.0077132099009901,0.378640776699029,0.123854425221243,0.00505304885496183,0.424242424242424,-0.162123481726463,-0.00227463577235772,0.330645161290323,0.384562269686258,0.00399467920792079,0.53921568627451
"113",NA,2024,20,NA,NA,NA,NA,"UAB","American Athletic",NA,NA,NA,NA,NA,1,0.333333333333333,0.25,28.3333333333333,32,27.75,37.25,3,3.33333333333333,1.66666666666667,4.33333333333333,1,7.66666666666667,2.33333333333333,4.33333333333333,0.666666666666667,4.33333333333333,1.33333333333333,6,0.0143500666685933,-0.000619725925925926,0.398406374501992,0.059106649077017,0.001508383203125,0.451737451737452,-0.138034883722588,-0.0239167666666667,0.393939393939394,-0.084078484429363,-0.0102245018518519,0.535714285714286,-0.0107601230836595,-0.00189807215189873,0.45679012345679,0.130544036113818,-0.000561347422680413,0.577319587628866,0.0317948224352092,-0.000297541441441442,0.4375,-0.149842832753916,-0.00358658636363636,0.348214285714286
"114",NA,2024,20,NA,NA,NA,NA,"UCF","Big 12",NA,NA,NA,NA,NA,1,0,0.125,22,31.3333333333333,25.875,28,4,4,2.66666666666667,3.66666666666667,0.333333333333333,7,0.666666666666667,2.66666666666667,2.33333333333333,5,1,4.33333333333333,-0.025087664124764,-0.00268649296875,0.366795366795367,-0.00518492208395954,0.00516096502242152,0.367965367965368,1.01421070852094,0.040880465,0.6,0.241924619743154,0.0103504432432432,0.48780487804878,0.14838328331915,0.00408040857142857,0.447619047619048,-0.108897216248196,0.00125492075471698,0.387387387387387,-0.130332300862934,-0.00105606,0.386138613861386,-0.0167930133509733,0.00441249459459459,0.364864864864865
"115",NA,2024,20,NA,NA,NA,NA,"UCLA","Big Ten",NA,NA,NA,NA,NA,1,0.333333333333333,0.5,17.3333333333333,21,20.25,22.5,2.66666666666667,1.66666666666667,4,4,2,5.66666666666667,0.666666666666667,2,1.66666666666667,4,2.33333333333333,4.33333333333333,-0.0373113098530472,-0.000449016205533597,0.3671875,0.021908703864017,0.00198748657407407,0.40990990990991,-0.110410535087103,-0.00888260909090909,0.333333333333333,0.0194249897400311,0.000372864705882353,0.411764705882353,-0.0992766378885016,-0.00253810256410256,0.367088607594937,-0.0683218549794238,-0.000157785714285715,0.415384615384615,0.0199966293385255,-0.00155066587301587,0.412698412698413,-0.0344665174088961,-0.000842041441441441,0.414414414414414
"116",NA,2024,20,NA,NA,NA,NA,"UConn","FBS Independents",NA,NA,NA,NA,NA,1,0.666666666666667,0.714285714285714,34,32,28.8571428571429,25.1428571428571,1.66666666666667,4.33333333333333,1,5,1.33333333333333,6,3.33333333333333,4,1.66666666666667,4.33333333333333,1.33333333333333,6,0.124007096943579,0.0018989812749004,0.379310344827586,0.0401814484074485,-0.000287403610108303,0.397887323943662,0.277808448820142,0.00174841,0.380952380952381,0.15920229422085,0.00302599487179487,0.439024390243902,0.194646204059309,0.00394637906976744,0.43956043956044,0.0618694682843443,0.000112326262626263,0.455445544554455,-0.0383684622952443,-0.00168927981651376,0.378378378378378,0.111249525315181,0.00387414274193548,0.4140625
"117",NA,2024,20,NA,NA,NA,NA,"UL Monroe","Sun Belt",NA,NA,NA,NA,NA,1,0,0.25,19.3333333333333,37.6666666666667,21.75,33.125,2.66666666666667,2.33333333333333,2.33333333333333,4.33333333333333,1,4,1,5,1.33333333333333,3,1,3.66666666666667,-0.0592480952689019,-0.00508615275229358,0.330357142857143,0.155077152933688,-0.00125633519313305,0.471544715447154,-0.0506156428438389,-0.0173376611111111,0.571428571428571,0.320840214247097,0.00408779285714286,0.425531914893617,0.0833115694903092,0.00443794545454545,0.445544554455446,0.132190057438221,0.0029347981981982,0.521739130434783,-0.226741668830598,-0.0113782534246575,0.306666666666667,0.22585046287354,-0.00269118181818182,0.43010752688172
"118",NA,2024,20,NA,NA,NA,NA,"UNLV","Mountain West",NA,NA,NA,NA,NA,1,0.666666666666667,0.666666666666667,24,17,32.2222222222222,25.5555555555556,2.33333333333333,3,3,3.66666666666667,1,6.66666666666667,1.33333333333333,2,2.33333333333333,6.66666666666667,0,3.66666666666667,0.0260746040623012,-0.00165832851405622,0.390625,-0.0947370986500806,-0.00113493778801843,0.345454545454545,-0.2610546234838,0.000224130303030303,0.371428571428571,0.325521693288817,-0.0129888166666667,0.25,0.153614914583313,-0.00093422578125,0.424242424242424,-0.102071684716291,-0.00552293625,0.444444444444444,-0.173106278247137,-0.000706115384615385,0.333333333333333,-0.160135962022444,-0.00546199565217391,0.376344086021505
"119",NA,2024,20,NA,NA,NA,NA,"USC","Big Ten",NA,NA,NA,NA,NA,1,0.666666666666667,0.375,27.3333333333333,27.3333333333333,27.5,26.75,2.66666666666667,4,1.33333333333333,3.66666666666667,1.33333333333333,5.33333333333333,2.33333333333333,2.33333333333333,2.33333333333333,3.66666666666667,1.33333333333333,3.66666666666667,0.0144605014311588,0.00322248056680162,0.458167330677291,0.0409514936466,0.000529031651376147,0.399103139013453,-0.196222471697887,-0.00262699375,0.458333333333333,-0.0129370472901851,-0.000372832142857144,0.483870967741935,0.177323581855071,0.0026575156626506,0.535714285714286,0.134492436772233,5.38358024691357e-05,0.469135802469136,-0.0478965357723974,0.00506595416666667,0.45,0.0367136511344608,0.00149243894736842,0.427083333333333
"120",NA,2024,20,NA,NA,NA,NA,"UTEP","Conference USA",NA,NA,NA,NA,NA,1,0.666666666666667,0.375,28.3333333333333,42,22,33.25,5,3,2,6.33333333333333,0,5.66666666666667,3,6,4,5.33333333333333,0.666666666666667,6.33333333333333,-0.152160660714406,-0.00465409236947791,0.305970149253731,-0.0107463876769632,-0.00520606392857143,0.368600682593857,-0.0798197077793247,0.00182956551724138,0.4,0.464766285603817,0.0107706588235294,0.431818181818182,-0.217520154897215,-0.00475627403846154,0.327102803738318,0.0786238713924673,0.000476804347826087,0.421487603305785,-0.0563583541354424,-0.000597359574468086,0.396039603960396,0.0212999269320254,-0.00695211071428571,0.367521367521368
"121",NA,2024,20,NA,NA,NA,NA,"UTSA","American Athletic",NA,NA,NA,NA,NA,1,0.666666666666667,0.571428571428571,41,27.6666666666667,39.5714285714286,31.1428571428571,3,4.66666666666667,2,3,2.66666666666667,5.66666666666667,4.66666666666667,3.33333333333333,3,4,1.66666666666667,4.66666666666667,0.12370855640726,0.00340536600790514,0.45,-0.0199312670689592,0.00167374555984556,0.32183908045977,0.144865439352969,0.00321477948717949,0.525,-0.131663360223525,-0.00299220333333333,0.4,0.185399467464781,0.00374773047619048,0.457943925233645,0.0545131947174465,-0.00137184909090909,0.369369369369369,-0.0155189873191946,0.000516335643564356,0.485436893203884,-0.210476814380204,0.00089717311827957,0.301075268817204
"122",NA,2024,20,NA,NA,NA,NA,"Utah","Big 12",NA,NA,NA,NA,NA,1,0.333333333333333,0.142857142857143,26.6666666666667,31.3333333333333,20.1428571428571,24.7142857142857,2.33333333333333,1.33333333333333,2.33333333333333,5.66666666666667,2.33333333333333,3,4,5.33333333333333,2.66666666666667,4.33333333333333,0.333333333333333,6,-0.182278291257575,0.000154676303317536,0.310502283105023,-0.102808509266529,0.00190396605166052,0.358974358974359,-0.0089455783662563,-0.0032733064516129,0.419354838709677,0.265823743603122,0.00135677631578947,0.447368421052632,-0.390872740331844,0.000135352564102564,0.296296296296296,0.055540911239988,0.00260619677419355,0.446808510638298,-0.102382002483971,-0.00391099879518072,0.364705882352941,-0.235044396515209,-0.0013011765625,0.34375
"123",NA,2024,20,NA,NA,NA,NA,"Utah State","Mountain West",NA,NA,NA,NA,NA,1,0.666666666666667,0.375,44.3333333333333,24,37.125,38.5,3,5.66666666666667,2.33333333333333,3.66666666666667,1,9,3,3,3.66666666666667,5.66666666666667,1.66666666666667,10.3333333333333,0.0962714332749758,0.00013005,0.456521739130435,-0.04606735226596,-0.00180029824561404,0.336805555555556,0.343144887963707,-0.00319360638297872,0.520833333333333,-0.0131053742817141,0.00386225428571429,0.342857142857143,0.198229296002072,0.0039547223880597,0.511111111111111,-0.134012632969086,-0.00240224,0.344827586206897,0.0392464673753659,-0.00782285263157895,0.5,-0.0280144900885022,0.000516323076923077,0.423076923076923
"124",NA,2024,20,NA,NA,NA,NA,"Vanderbilt","SEC",NA,NA,NA,NA,NA,1,0,0.5,15.6666666666667,29.3333333333333,21.5,23,2,2,2,4,0.666666666666667,6,2,3.66666666666667,0.333333333333333,1.66666666666667,1,6.66666666666667,0.0228297078934616,-0.000144167326732673,0.361386138613861,0.165658088027767,0.00576297024793388,0.512096774193548,-0.0946684797894595,-0.01157071875,0.4375,0.180147678924946,0.0147806724137931,0.545454545454545,0.127183106336785,0.00189300394736842,0.486842105263158,-0.0471670237027863,-0.00121670338983051,0.545454545454545,-0.243483930556137,-0.00852403924050633,0.316455696202532,0.611463387504076,0.0210789,0.583333333333333
"125",NA,2024,20,NA,NA,NA,NA,"Virginia","ACC",NA,NA,NA,NA,NA,1,0,0.25,12.6666666666667,35,18.875,31.375,4,1.66666666666667,4.66666666666667,6,0.333333333333333,5,2.33333333333333,4.33333333333333,1.33333333333333,3.66666666666667,1.66666666666667,6,-0.158963859865547,-0.00405972024291498,0.284584980237154,0.0651559733351871,0.00232155847457627,0.397540983606557,0.50049858586642,-0.00187100416666667,0.56,0.219684133386565,0.00809255,0.409090909090909,0.0256852848165373,-0.0061118,0.395348837209302,0.0684619132334353,0.00126357450980392,0.405660377358491,-0.386716046780609,-0.00753685044247788,0.265486725663717,0.221573152271672,0.00604272359550562,0.477777777777778
"126",NA,2024,20,NA,NA,NA,NA,"Virginia Tech","ACC",NA,NA,NA,NA,NA,1,0.333333333333333,0.571428571428571,26.3333333333333,24,29.1428571428571,20.5714285714286,2.66666666666667,2.66666666666667,3.66666666666667,5.33333333333333,1.66666666666667,7.33333333333333,3,3.33333333333333,2,5.33333333333333,1,4.33333333333333,-0.0659558717082908,-0.00234224960629921,0.379310344827586,-0.0661167952341279,-0.000393739506172839,0.33739837398374,0.00320143755236443,-0.00314610454545455,0.375,0.33338105627016,-0.00677617,0.55,-0.00160582868813981,-0.002375891,0.441176470588235,-0.106436819736949,-0.00261674431818182,0.388888888888889,-0.213785707724581,-0.00546619387755102,0.33,0.00734230059878957,0.00193416330275229,0.330275229357798
"127",NA,2024,20,NA,NA,NA,NA,"Wake Forest","ACC",NA,NA,NA,NA,NA,1,0,0.375,18.3333333333333,32,23.625,33.125,2.66666666666667,2.66666666666667,4,5.66666666666667,0.666666666666667,6.66666666666667,1.66666666666667,3.33333333333333,2,5,1.33333333333333,5,-0.122302536156032,-0.0089036859437751,0.305882352941176,0.0195636927221642,-6.73536885245903e-05,0.446215139442231,-0.14721068826097,0.002563812,0.384615384615385,0.34045501979835,-0.00397894358974359,0.463414634146341,-0.0257184535641583,-0.00282720882352941,0.339805825242718,0.163884407435168,0.00799557524752475,0.524271844660194,-0.200152512664676,-0.00549739892473118,0.347368421052632,-0.039444932139862,-0.00363140824742268,0.49
"128",NA,2024,20,NA,NA,NA,NA,"Washington","Big Ten",NA,NA,NA,NA,NA,1,0.333333333333333,0.428571428571429,19.3333333333333,34.3333333333333,20.5714285714286,30.2857142857143,1.66666666666667,2,5.33333333333333,3,1.66666666666667,4.33333333333333,2.66666666666667,4.66666666666667,2,1.66666666666667,0.666666666666667,6.33333333333333,-0.00783729719990385,-0.00162364976303318,0.393518518518519,0.149545964190736,0.000780942083333333,0.526315789473684,-0.097088337665161,0.00117340606060606,0.363636363636364,0.326652203525138,-0.00110157636363636,0.593220338983051,-0.0556566364849229,-0.0024374421686747,0.428571428571429,0.243979165747625,0.00467042164948454,0.637254901960784,-0.106741018603445,-0.00393003647058824,0.372093023255814,0.119450343810157,-0.00214271401869159,0.457943925233645
"129",NA,2024,20,NA,NA,NA,NA,"Washington State","Pac-12",NA,NA,NA,NA,NA,1,0,0.571428571428571,29,31.3333333333333,33.1428571428571,25,2.33333333333333,3.66666666666667,1.66666666666667,4,0.333333333333333,4.33333333333333,2,4,2,3,2,7,0.124665470372246,-0.0060653320754717,0.458333333333333,0.135311524870437,0.00338053579335793,0.458483754512635,0.586042023143477,0.0155350555555556,0.722222222222222,0.390264319754135,0.00493921515151515,0.5,0.0778899111278563,0.000393445882352941,0.517647058823529,0.167227755377806,0.00893674227642276,0.56,0.29834785774744,0.00356248470588235,0.551724137931034,0.0312601484984848,-0.005514051,0.405940594059406
"130",NA,2024,20,NA,NA,NA,NA,"West Virginia","Big 12",NA,NA,NA,NA,NA,1,0.333333333333333,0.5,27,40.6666666666667,26.875,32.375,3,3.66666666666667,3.66666666666667,3,0.666666666666667,5,1.33333333333333,5.33333333333333,0.333333333333333,2.33333333333333,1,4.33333333333333,0.107742808185598,0.00188965785714286,0.424561403508772,0.253135220141107,0.00437257094017094,0.510460251046025,0.162005188650204,0.00288556279069767,0.375,0.299104569036643,0.00241282894736842,0.473684210526316,0.163235514761751,0.00199214274193548,0.464566929133858,0.257519828926986,0.0017487375,0.555555555555556,-0.049503611325695,-0.00201847818181818,0.396396396396396,0.350111402158853,0.00790257676767677,0.535353535353535
"131",NA,2024,20,NA,NA,NA,NA,"Western Kentucky","Conference USA",NA,NA,NA,NA,NA,1,0.333333333333333,0.625,17.3333333333333,35.6666666666667,25.75,24,3,1.66666666666667,1,4.66666666666667,2,6,1.66666666666667,4.66666666666667,0.666666666666667,3.66666666666667,1,4,-0.0198626707434128,-0.00381088458498024,0.366795366795367,0.134198021288186,9.27175213675213e-05,0.481481481481481,-0.260574882246241,-0.0170623923076923,0.344827586206897,0.551625777522613,0.01006945,0.5,-0.270978116068972,-0.0118893134146341,0.380952380952381,0.242228623730325,0.00645544387096774,0.563291139240506,0.0181821576904923,-0.00368083859649123,0.387931034482759,0.0513042014189894,-0.00488778139534884,0.422222222222222
"132",NA,2024,20,NA,NA,NA,NA,"Western Michigan","Mid-American",NA,NA,NA,NA,NA,1,0.333333333333333,0.625,17.6666666666667,21.6666666666667,32.5,29.375,2,2,3,6,0.333333333333333,1.33333333333333,1,2.33333333333333,1,4.33333333333333,1.66666666666667,4.33333333333333,-0.101464234539382,-0.0398691264573991,0.367965367965368,0.0561275883749356,0.0256442980676329,0.414414414414414,-0.0671550412681909,0.00184375,0.346153846153846,0.329407885533536,0.012384965,0.545454545454545,0.0306358439254266,-0.056445879,0.43,0.15749264752258,0.00999271869158879,0.473214285714286,-0.19296171708486,-0.0162562882352941,0.364705882352941,-0.141675232514085,0.0386647142857143,0.359375
"133",NA,2024,20,NA,NA,NA,NA,"Wisconsin","Big Ten",NA,NA,NA,NA,NA,1,0,0.375,15,28,23.125,21.25,3.33333333333333,1.66666666666667,1.33333333333333,5.33333333333333,1,7.66666666666667,1.33333333333333,3,1,4,2.33333333333333,4.33333333333333,-0.0479525748297918,-0.0103998193965517,0.333333333333333,-0.017785678182424,-0.00209425668016194,0.458498023715415,-0.344279370804484,-0.0269888606060606,0.303030303030303,0.0867065958680816,-0.00683116923076923,0.475,-0.22251636514513,-0.00795988133333333,0.368421052631579,-0.0493396649331547,-0.000603671028037383,0.477477477477477,-0.0253006093343159,-0.0227864787234043,0.308510638297872,0.0319570611660825,-0.00600052083333333,0.5
"134",NA,2024,20,NA,NA,NA,NA,"Wyoming","Mountain West",NA,NA,NA,NA,NA,1,0.333333333333333,0.285714285714286,12.6666666666667,18.3333333333333,21.4285714285714,25.4285714285714,2.66666666666667,1,2.66666666666667,5.33333333333333,2,5.33333333333333,3.33333333333333,2.33333333333333,1.66666666666667,5,0.666666666666667,4.33333333333333,-0.095119568972808,-0.00808154725738397,0.340163934426229,-0.072986820451992,-0.00572098122065728,0.375,-0.283447835772068,-0.0399348217391304,0.291666666666667,-0.0934652006431245,-0.00260642272727273,0.478260869565217,-0.131712049060959,-0.00781641397849462,0.382978723404255,-0.0605243849734081,0.002401562,0.386138613861386,-0.242572528738462,-0.0117858557894737,0.336734693877551,-0.0219113844289312,-0.00292615362318841,0.442857142857143
